Domain_8cfbc3dc32c53413f89000e1ed8c7c387032e5c0138a250085e3be964dbac32e,8cfbc3dc32.com,Domain,[]
Domain_24acfd52f9ceb424d4a2643a832638ce1673b8689fa952d9010dd44949e6b1d9,24acfd52f9.com,Domain,[]
Domain_23314532d1b7a8dcefa617d95dfecdedf4bbd34adbf9e7235e4f0b0c8558b415,23314532d1.com,Domain,[]
IP_dfaa6a8d8a443400ff7dcbdf7ea692de317ec7c25ffb35bb41f2d4827dc442f5,104.18.xxx.xxx,IP,[]
ASN_bfe47d08b0915207ce5f3b739e2bd60484069a0f0591adf4ca6baf9f5779d27a,AS_bfe47d08b0,ASN,[]
IP_9edf8b9fe5f466067d324978646b56ef50d444508c44d9a679fff05c946fef38,104.18.xxx.xxx,IP,[]
Domain_49bd5aaf965aa54b1c898833ce0d5993ce051b900b1fe8dce758f4719b826a97,49bd5aaf96.com,Domain,[]
Domain_2665b739cf2cd4ae4049ac305ebe46e5a92439e4a62a7e181379c171a3098d5d,2665b739cf.com,Domain,[]
Domain_6601cb371dbe89e126d5255267972929a6a2a22e3e4179a75d4708ca8ff07028,6601cb371d.com,Domain,[]
Domain_6133f2bc106a59d86ced33d84fc5967f86029a14e920e60a940cac8752cd4310,6133f2bc10.com,Domain,[]
Domain_97c8df87f65e7531d3cd27ea54fa7a1f99e87a06ec6a79f76fa2ec6727ace97b,97c8df87f6.com,Domain,[]
Domain_f05a811523cc0d174679b7022c323733da1e2908cf1a96f70f23d82718b9f5d3,f05a811523.com,Domain,[]
Domain_4b12eebbc0b595cd30478a0f2d769b57d0f2a02be41ba2b5c7739f54fe58d07d,4b12eebbc0.com,Domain,[]
Domain_3b95d8edb7612f532d955bdc655c8933e4aeb9ac89c7d58adafad15038b9405e,3b95d8edb7.com,Domain,[]
Domain_39f0cd3065c9126b78157341832b7173f8d50fd0824792dc8ba2b9fc968fc2f2,39f0cd3065.com,Domain,[]
Domain_1caaa336358862542335506a8cc83b706aba41022e73e6dd83415a50dc76cf74,1caaa33635.com,Domain,[]
IP_630ad0b4920bfdc057f7f41929ece3e807e0006d0683d760bdee44b9bcb74e4f,104.21.xxx.xxx,IP,[]
Cert_af49e2b01dc6d08092dadad88916a07fd8cb2ce30e118b8591bab058ddef0def,af49e2b01d,Cert,[]
Cert_f6eb4f3434edb8766f95c744e9253843150a7f7598e5baab5213d493725119d8,f6eb4f3434,Cert,[]
Cert_78d8609aeb406cc55ffdd074ddcf121c56ec7d4be6b15a28885dc66f6fdb182d,78d8609aeb,Cert,[]
Cert_16ccf54558d7baaf006a9ad181d070beee130c2245264feb391f56cb04e55ab2,16ccf54558,Cert,[]
Cert_71f4022f4551e7730dc25f01b27abc0151c8b6c0e39de651acb2bda344cf92ba,71f4022f45,Cert,[]
Cert_28d3656aee6fcb3771134795282ee943c5b22a8391d5868115ec95e50528753d,28d3656aee,Cert,[]
Cert_5c4724c1024930c6e6b3cedc0887d6448c62cd6104e38a46ced162fd9cc7be60,5c4724c102,Cert,[]
Cert_8a274cd084a8c761e9472421031b83fc3c23cb343bddcb1327b45f0833599baf,8a274cd084,Cert,[]
Cert_c144d48c7291bdc0ea8a16e1615ad4598c97d9c2c6c341e60b1fa57c22ce93cc,c144d48c72,Cert,[]
Cert_0521aa69a56586775e7e379768c60ca9e5e70818bdb3bfac1e4141d95aba688d,0521aa69a5,Cert,[]
Cert_b6c900e0c0d1c36536ee99b7ce13638b6f27c34f7b5caca80820ea044d5bdd11,b6c900e0c0,Cert,[]
Cert_28e4b904ece1c687227c07f3f84785ec5aa5090b638c7fd8eb6bed94d9dd47e2,28e4b904ec,Cert,[]
Cert_7e82bfdf686bba3108f0995a7debddf078acf38a785111fab30b81b4ad8180af,7e82bfdf68,Cert,[]
Cert_77a21de896d00aa928f2629347273cf712251759d4d0f101b04744a524eebbab,77a21de896,Cert,[]
Cert_439c49e6a74315ee472c40dfadb645c7d7cd6717af89da39af841cf849469c0b,439c49e6a7,Cert,[]
Cert_41231d2c301285087bc88dc56441095a651fe6ad2f4f35c3626f4d63b07f47ce,41231d2c30,Cert,[]
Cert_411ef1cadda1d8910bbbaeb9bb10a73f9c792e461732ef6c8145994e6ceb3990,411ef1cadd,Cert,[]
Cert_1aeda59d60cc2a45a69814277e41dac56bda2cbc848dc64227b9e57ee36a4c21,1aeda59d60,Cert,[]
Cert_0d7ccc611468616c0c1b341f470adee6cfd6f9a17a168eda6a9e261cdbf7a503,0d7ccc6114,Cert,[]
Cert_3512fa3a99b7aaa4eaf01d5e70d7a61a380bfbc9e24e1326129fcdcb7326c128,3512fa3a99,Cert,[]
Cert_438e9cbf51353642f2ff6b093a75ad794dee29f43ba2e2f2ae14e2bf242d0ed6,438e9cbf51,Cert,[]
Cert_f8b4f5b45f67f5b777c1407e4009f4760ecbdc1b94a64da119a37a11a3a00aba,f8b4f5b45f,Cert,[]
Cert_742b62634a255bb44ec5e65233462986fdb6d899f58304dd521fe87e43ae88d4,742b62634a,Cert,[]
IP_cb8649e3521842dadd8d95c4835f0b17f055346a4b83da3f55207a9def5b0088,104.27.xxx.xxx,IP,[]
IP_1e0ce2c908bc3a3b0b08ee52f5ac1a812ba15c948254ae2b24e246bc54e2f6db,104.27.xxx.xxx,IP,[]
IP_136a30fb09124d6fdade3e3ffbf46c3708f361e40ed011b7f27ade91a5a30f92,172.67.xxx.xxx,IP,[]
Cert_94bb9e1a9c872495708b1d350367e1eb3d4dd137e3b829c84028dd26cc9f43fe,94bb9e1a9c,Cert,[]
IP_00822ea0605953462e4298a8670a8b568daaa1c66d25687fa72e10854b1334a7,104.21.xxx.xxx,IP,[]
IP_dc695466fc9bd1a9d85921808289b2125c2b03e1fd0b73846b7ad121467c9776,172.67.xxx.xxx,IP,[]
Cert_b8d3a478b6ad784fcdd8af9149a3688d0207b336462145b5790da15ff75e0227,b8d3a478b6,Cert,[]
IP_4f0c2464d0c376df1a0255324d6c1d341eb3f0fdd677d243fbc8fc3d2d6f5d5b,104.21.xxx.xxx,IP,[]
IP_32439304e0797b52ad5410fb619eeb5133a1962816d0dc0168bee4ed9d756da4,172.67.xxx.xxx,IP,[]
Cert_fcaa617e3e4c9175fd11251ae8dbc062bd187d30b671864685d14174fc67fceb,fcaa617e3e,Cert,[]
IP_35b25eb8b6273e1183e9fe534ed2819f65253272a2fda9dc366c2620a5bb984b,104.21.xxx.xxx,IP,[]
IP_6cdba9370e0da79ca8cc7a1a1b478b1b89cec10098474ede466d43f9ee3b58b2,172.67.xxx.xxx,IP,[]
IP_a30c4165b1ddb706810e10db7db3f319f37cc6e1ae5ef72a60b933f76c8fee38,104.21.xxx.xxx,IP,[]
IP_5e6dee2babf74a44468bbd8fdbad68d866da0a87bbb0a4e2be5cfec527a58025,172.67.xxx.xxx,IP,[]
IP_cd02e6bac3884a3ddc69c5b53f02e0bbedd70b950fb519319931bdaede1821be,104.21.xxx.xxx,IP,[]
IP_a275e4a3be234dcb14bcd774e41a329d4dd3e76863ce592a5d2e27d234ad835c,172.67.xxx.xxx,IP,[]
