Domain_735c4771683e674e92ea551c4200f45eecad99b1fac38b3a95a9e987f6d9da5a,735c477168.com,Domain,[]
Cert_71f4022f4551e7730dc25f01b27abc0151c8b6c0e39de651acb2bda344cf92ba,71f4022f45,Cert,[]
Domain_6cc4aa384e853130dd959c022dcfa77baaf49dca30f56bb9b6faf4f40eae6aa3,6cc4aa384e.com,Domain,[]
Domain_93dc9c607d80701d06386e104ef84621d1addc4a1965e430aa8e885fb4f9d30f,93dc9c607d.com,Domain,[]
Cert_28d3656aee6fcb3771134795282ee943c5b22a8391d5868115ec95e50528753d,28d3656aee,Cert,[]
Domain_e274cfea3c1c827dee18c5518b42a3047dc4eeb916c60d13674b117d60f3eb83,e274cfea3c.com,Domain,[]
Domain_d9b4dc07b215d3fc1a40307fd1d737f24181bc1598d53c0ebc16ff8579cd2cdf,d9b4dc07b2.com,Domain,[]
Domain_77e6d17b8531ee1fdfdd7b6025cf8429fa15d6e9b432b9b0564292342c94be23,77e6d17b85.com,Domain,[]
Domain_a3bb8389915a77345e3c9fbbb649dcdc1933a9409c81aebb9e205ee4a13d335c,a3bb838991.com,Domain,[]
Domain_c423b3d771350775ddfadde94a8f6f5193a7dc37c12037398a02053261d94b51,c423b3d771.com,Domain,[]
Domain_bc26cd70ef294f1ceefe3a1e125d7373e4ded5644414418331192ec55a976571,bc26cd70ef.com,Domain,[]
Domain_f2701c8033ad72d11df46be1a8a97072c02091d3be0252c49daa9c7a29096ecd,f2701c8033.com,Domain,[]
Domain_e6effb619738a0c7bd56853c5b08502f3ac8a80b6b7e58adab3c7e334ca3797d,e6effb6197.com,Domain,[]
Domain_4dfe08794081c911848a72b1edf46371843830c7d3ee5db4b38f3085eeb82446,4dfe087940.com,Domain,[]
Domain_8cfbc3dc32c53413f89000e1ed8c7c387032e5c0138a250085e3be964dbac32e,8cfbc3dc32.com,Domain,[]
Cert_5c4724c1024930c6e6b3cedc0887d6448c62cd6104e38a46ced162fd9cc7be60,5c4724c102,Cert,[]
Cert_8a274cd084a8c761e9472421031b83fc3c23cb343bddcb1327b45f0833599baf,8a274cd084,Cert,[]
Cert_0521aa69a56586775e7e379768c60ca9e5e70818bdb3bfac1e4141d95aba688d,0521aa69a5,Cert,[]
Cert_c144d48c7291bdc0ea8a16e1615ad4598c97d9c2c6c341e60b1fa57c22ce93cc,c144d48c72,Cert,[]
Cert_b6c900e0c0d1c36536ee99b7ce13638b6f27c34f7b5caca80820ea044d5bdd11,b6c900e0c0,Cert,[]
Domain_e084e9525e7e605e77286d5512c59c9a83ceb84b97ea1de6ad39306507e71937,e084e9525e.com,Domain,[]
Domain_8dc519c9ef5322ace2fe37d0dbae3c870da9ad1446f505b4bff443c34c308ac4,8dc519c9ef.com,Domain,[]
Cert_439c49e6a74315ee472c40dfadb645c7d7cd6717af89da39af841cf849469c0b,439c49e6a7,Cert,[]
Domain_0490167ce97d4605cb688a8217f2cfb4a0fd3170b79851500d13e0c3b97ad247,0490167ce9.com,Domain,[]
Domain_9ac80b82d7d5f4db993e04d35af589897de70f3cfab0755fa7920875a1675aea,9ac80b82d7.com,Domain,[]
Domain_65919370a88d8b9ef9c4f69b9ac9ed786844aeb305273225b5c852a26e1b0e9a,65919370a8.com,Domain,[]
Cert_28e4b904ece1c687227c07f3f84785ec5aa5090b638c7fd8eb6bed94d9dd47e2,28e4b904ec,Cert,[]
Domain_f4f614584a81b6a56f3cccd633e60d4e67657270f16b4bfc7aadca7f70ca3d50,f4f614584a.com,Domain,[]
Domain_6ef8c6bdd52b184d8aace57d0d0c0c3a2707d4f4fcb925ce19f51f1db15bcfa1,6ef8c6bdd5.com,Domain,[]
Domain_fc66ef743b4203aeaa811805797c531c1311ac3cbc73a7c4ee6ef878b1c693c8,fc66ef743b.com,Domain,[]
Domain_6ef93e8dc4c54bf45373c820bc1f4f2e7c3e0d1f0d6feacb286073240136c1d0,6ef93e8dc4.com,Domain,[]
Domain_3118fa35b2af8b0d93542572fe318eea28f81c112986e1e1c39e2729088da385,3118fa35b2.com,Domain,[]
Domain_d450d658af1a106548af2b5ba7bcb555a12cafde274d3d4a3507310411d30683,d450d658af.com,Domain,[]
Cert_40f5e9554bb156ec9c5373974ad327a41a9fb308168ab0de77b2288fb2556d6c,40f5e9554b,Cert,[]
Domain_4c196283ca9ae15553a9f6a9515d34dfe381fa98b89ead8fb4757e494e291c2b,4c196283ca.com,Domain,[]
Cert_7e82bfdf686bba3108f0995a7debddf078acf38a785111fab30b81b4ad8180af,7e82bfdf68,Cert,[]
Cert_77a21de896d00aa928f2629347273cf712251759d4d0f101b04744a524eebbab,77a21de896,Cert,[]
Domain_b589ac72fa585bbdbd796c438afa91eee03c3bd421874c15f241df4ca6189cd5,b589ac72fa.com,Domain,[]
Cert_583a4861c3a4a73c044203997981853afbbad8f7c2de371f2916392397d8a7c7,583a4861c3,Cert,[]
Cert_2193270a0c225174a642e3a9731bd77229f1badf3db1e1a2dbaf515b36d1cebc,2193270a0c,Cert,[]
Cert_f2b2c09766f13d163e29ffc5ea69f1698fdb177a4c3b256d0640ae3b7e81d7db,f2b2c09766,Cert,[]
Domain_131d7551e78be13ceca598e42d4558aa9f8f1e0c04a9a2f5ebac96338ab00f5c,131d7551e7.com,Domain,[]
Cert_5ce37f1522a1a2563bafe9136815140c1888ebba5077e04f06151bb04df6e126,5ce37f1522,Cert,[]
Domain_7048137ed28817bfa589ad453edfa432f765823fc4655641fbcbf45a81048d1d,7048137ed2.com,Domain,[]
Domain_212242320b82a8f34b70e0140061f097bbb3f88ea7b9aa1bd459651cbd8810ed,212242320b.com,Domain,[]
Domain_3c862fdc4b9a583b9d0fefb8513973bdd4658e480cc8fcb51623a30b1310baa6,3c862fdc4b.com,Domain,[]
Domain_4c8d253270cea32e7a0cdab57d5bd16e79f2495d35414a2dc94cfa894c10a43b,4c8d253270.com,Domain,[]
Domain_940d6538154fc44b762de26af652815ee206f13a4e9e7b66d893ec032df1da1a,940d653815.com,Domain,['A']
Domain_2490c93e96edcca5bf16d2ca76d59bb25bb2518ae3276914be086ec149ad6433,2490c93e96.com,Domain,[]
Cert_3f05fc0ad2ea73b4b4abc42632caf494d8213bb73101421c6774949ef53b2f16,3f05fc0ad2,Cert,[]
Cert_514765ecd52833cf7aff858fdf8ebe48111d69e35d87167afdc1e4ca7fdbe880,514765ecd5,Cert,[]
Cert_09d9bb5e0397c3368bc73df842f37554fa0c26e75a9ead1f631cc17bb8e50817,09d9bb5e03,Cert,[]
Cert_08ebe1452f9286e42e813ffd7db385cfd103fe97d6b204be030e43a070baa150,08ebe1452f,Cert,[]
Cert_36944537450cd07c6370f4fe9cb45233e6efd24bd89e5f608a72287741302ed2,3694453745,Cert,[]
Domain_5a00459cba238d3475fe33d68168ddd1ced01df07c3b2af5933fd3e7c2ef44d1,5a00459cba.com,Domain,[]
Domain_0ff503fe861df173a1ec99335ace4d005796c71163da8b038e9b2bd45b4a8615,0ff503fe86.com,Domain,[]
Domain_c7b1c5f9adaf63fe7876dede94664960882a8c6b0701fff9ee80cd73401dda9a,c7b1c5f9ad.com,Domain,[]
Domain_1bcc58bd6fe1808982a4b93c46c08120057f56ec83f2c2b035e24335db103854,1bcc58bd6f.com,Domain,[]
Domain_ad6731c9be24d23f8cbe0dfed5908d16b40392d984fb5483c8a4a67e527a3741,ad6731c9be.com,Domain,[]
Domain_2616d01a877218874e7879f2d415af00e4702ab400263ed96e8e0c2b75608e6d,2616d01a87.com,Domain,[]
Domain_33fde14e0cbed76af23701c793c66e6e2dbbbc304b16d93b1ecbfc9ea1d2a8a2,33fde14e0c.com,Domain,[]
Domain_4009532bb7e26d9a912b6581ef2d8d51faaad6eb73acea6277486c9e876df60b,4009532bb7.com,Domain,[]
Domain_1e0661592af11dd7a72882676471311b280a6d16751a0fda1d69e85b645b6ef3,1e0661592a.com,Domain,[]
Domain_ed40d9cbb667cdc9b9f06ba2067b6dcc83c9e4ff2f151727e542c0c7cefd7975,ed40d9cbb6.com,Domain,[]
Cert_8e789e38327fdae6f452ef226479106d070eca56031b9cb5071f4839f667e355,8e789e3832,Cert,[]
Cert_b7a21cd68bcc359372d3546350426f59504f24c51a8ed15548b17f9fc43fe888,b7a21cd68b,Cert,[]
Domain_e270b84c1cb67333bf9eb809da7f2fccdfbf6886f5af2f156c6d323bf1b3991c,e270b84c1c.com,Domain,[]
Cert_d39628777f5407b4e811c5a865f845a6137ab97f58fde56107886980c8ad877b,d39628777f,Cert,[]
Domain_807870471aaf7e502d99a14a538e9bc1526f6274fc674ff9f6dd32adaae79452,807870471a.com,Domain,[]
Cert_03f1beef0aa74ad0ed6b4e15b843452f204a1dd52f4914318e594b4cfc17a615,03f1beef0a,Cert,[]
Cert_367469ad2f032ccdffcbd0405e011c5f5312ccb2f52a966d149823a039546341,367469ad2f,Cert,[]
Cert_565ac7695547d601507459f3989dfae36e63fed22d410601cfcdac3aa1211129,565ac76955,Cert,[]
Cert_0f6014060689e8ac365614f88a62be89f3e6b6fd383a2868691dd6356740e4a2,0f60140606,Cert,[]
Domain_7b9782a949648d53c9a067be0f383d69569c6fb513ced863be510ab7f10c5e46,7b9782a949.com,Domain,[]
Cert_16ccf54558d7baaf006a9ad181d070beee130c2245264feb391f56cb04e55ab2,16ccf54558,Cert,[]
Cert_af49e2b01dc6d08092dadad88916a07fd8cb2ce30e118b8591bab058ddef0def,af49e2b01d,Cert,[]
Domain_60d1d85948beb7e2715358cddc4f55d52594e3bb5fe4894f79847cbd9bf8970d,60d1d85948.com,Domain,[]
ASN_f89b33c4980faa7ab6d670ac01b496af281357344676626c914b478ba2c60602,AS_f89b33c498,ASN,[]
IP_e693e8e98cb770a797fdb8f1a6fcb33655af97c273b26266860d87c5bed705dc,108.160.xxx.xxx,IP,[]
Domain_6a20c2b3dbeba82c2ca945b715260b4d35c1385a00965fdf6efae7858e37cf31,6a20c2b3db.com,Domain,['A']
Domain_99c9e9beb96f459277ba0cac869c6dfff5508fdf74fc4e4962d7cb565912f531,99c9e9beb9.com,Domain,[]
Cert_b7303a0bb7863030d3a92d789a82dfae8100b45b0d4f88aece7d08b2e3dff7e2,b7303a0bb7,Cert,[]
Cert_14aa83ed07c3a0158524e1c6b5deca43568ad6950e53bc5138f9f333cdbeecca,14aa83ed07,Cert,[]
Cert_a67a94087947cde3ce2cf2989cf3701a8f65e01c127524ba656850727f1cae79,a67a940879,Cert,[]
Cert_f7f4fc8ccd9e4bf6181884e9f147ccfc209abe904b9e0d11c491ebfa5a8da30e,f7f4fc8ccd,Cert,[]
Cert_5b7ea6f6c5cc2e83a831fa042ac41bb23472c92da2e379e8ed3f99567108df0d,5b7ea6f6c5,Cert,[]
Cert_497dc7b536b125cc4e6182e98abf4d89b437aefcffa9de895bc26d6adf96331e,497dc7b536,Cert,[]
Cert_361120cc7088267428c51a68630c995536293a9c0eef93029a80b83d75fafed1,361120cc70,Cert,[]
Cert_55472f8c158b53b4642aa75e6c277e225f8c6eba2af18b2c03f727092e55662b,55472f8c15,Cert,[]
Cert_aa1edf1b0734ea6afaf3142343aa6f55eb3b80db1af41946237ee4cb1e108c9b,aa1edf1b07,Cert,[]
Cert_10b7110e1124a959e4526ab3f7c4a78967effc377aab369bc32a54f795008fe9,10b7110e11,Cert,[]
Cert_7a13f72a9eca8cdcc576bdcfcb3143b1bc07c59d8cc59f7d4655662d60168094,7a13f72a9e,Cert,[]
Cert_c874bfffeeea18044c5cf91a0e568614e2dd53fafca3a2d3b1a4ea9b94417cb7,c874bfffee,Cert,[]
Cert_498c66444b1eff9672317287e6ba72485ae5706c9f091d71b09f30366ec75f76,498c66444b,Cert,[]
Cert_b3fbe750e1b6e20c8141f5a61b71366fad6cbccc7b120f12890bd9f6ea7185c6,b3fbe750e1,Cert,[]
Cert_5c19dc8e7fef5c912041726705d51e11079278f84a6cc4891f08c4858109f0ae,5c19dc8e7f,Cert,[]
Cert_0de6427dcb071d6672819315f126b222210325f0772aff21eb53ba54fca82361,0de6427dcb,Cert,[]
Cert_599185413b36c5247a1135879a5c639e79681edfd3609a80c5b2f46085f2c06b,599185413b,Cert,[]
Cert_e479757cc931378a3df7e1dd245be420c5ef725e46ef46ff6c7b6ea1d7629d0a,e479757cc9,Cert,[]
Cert_e71d8e59c53cf9e5d64fc83eb6b5dc448b88f6c79616740d3f844b37bcfc40d2,e71d8e59c5,Cert,[]
Cert_0463eb89b67683e1dbdfbf257bc26ec14a339e44b1e6921f271ff75ea045b701,0463eb89b6,Cert,[]
Cert_6638d62d9914f65a591c3ff138bae6dbb1971df3f9f07e6f74c60f18f9457bee,6638d62d99,Cert,[]
Cert_d8a5c7f9cf9dc2ce01d94db5224ef01f5a1f5417c4db490d588fcfd40aca4aa9,d8a5c7f9cf,Cert,[]
Cert_0854b7c1af60689dcf29c07f0fcdd0e7f72219ee6bd55fe2d02dfcaad93eef98,0854b7c1af,Cert,[]
Cert_928b852b7804e676fb3911e44913f75df47727e1e5eb0b85125ea1a31f146f2f,928b852b78,Cert,[]
Cert_870d852cbda4cadb3bbc4741626cc68d2d7bfafa37637e0eac89ce89ff1ce839,870d852cbd,Cert,[]
Cert_ac298458b47f2512963872852f115c118101a11c51db37a14d8c0c543b4f1b1e,ac298458b4,Cert,[]
Cert_17297a6e8a0524f3401bae94f932136cdc8de7226594c83848c15e0d0dac5f5b,17297a6e8a,Cert,[]
Cert_34572262a5b985c7e58c27d1de5ab332460138c7b23b04294f9df2b599f2b025,34572262a5,Cert,[]
Cert_1749589f61c7f7fc4614c4d7bb193a17fd6447f68680600c3911830230d17452,1749589f61,Cert,[]
Cert_bbe7a66178ad89abaf0e3e07f2369a25b181cf346a9e1394f0974942e8d8930e,bbe7a66178,Cert,[]
Cert_0a5611e4a398683137d547d2467b42c43e03503779129447d28353d282246b50,0a5611e4a3,Cert,[]
Cert_765cc339ed1686fabfd066f7d3606b4dde41dc86b76d307692fda2d4d4270321,765cc339ed,Cert,[]
Cert_643da24a7f1f18bc0bfcc6864b6ee698f4e849db7588cd5dea5a964faa458c66,643da24a7f,Cert,[]
Cert_82f514a2014e5e431bfde9774cb777284f687d7ab1cd1ffe6046b6969600b22d,82f514a201,Cert,[]
Cert_8186cf3d2c236dbdc502099cbeee99cfd926579fdc4469ef8fc745ae5d60a223,8186cf3d2c,Cert,[]
Cert_bd3f313fd826adf6446239bb2138299d5e95e9be9430fbf5ed3a98ae22d499c0,bd3f313fd8,Cert,[]
Cert_b7d411ac5d766de3c83b795a2f185190e0c6ee45a765ee1723a643bb06845fff,b7d411ac5d,Cert,[]
Cert_6735b4c98321359f28083ac0cd9452bc7eb23d864ea2539a952253442234198d,6735b4c983,Cert,[]
Cert_e05b0a3807a557e575996b06b7afeab46b3a6d8be947efcaa7b76d87be3da304,e05b0a3807,Cert,[]
Cert_5ce1518e07ef96292abdd4570ed814323b79e5e2087e3309ce7b4ed41470b0ff,5ce1518e07,Cert,[]
Cert_61fdd39b517626f1e0a3c16b22aaca99c189b26224020cdfa78a642c6304770d,61fdd39b51,Cert,[]
Cert_aa7914ee24ea2a43fe479a0df240a79e70980e959e5e93354c019dad27047444,aa7914ee24,Cert,[]
Cert_b92e66f1967f488467313adfcc54bf9648944ace0097c689def62314d5f16b0b,b92e66f196,Cert,[]
Cert_6ab873e9af8da37f70ee389346f30e73019857479848ee48de18d1b8a91caed1,6ab873e9af,Cert,[]
Cert_137c151b72740c66460c9a69002aa0070db16675fd57dc093667bc8e64847347,137c151b72,Cert,[]
Cert_f219d2636a6b127b323ff65f4ec827af9eccb957ec2060c456d7602e3af23370,f219d2636a,Cert,[]
Cert_39d615f1b1e56bc1b375d521044c6a077d67e9664739f6d1f39b04068bae1bc1,39d615f1b1,Cert,[]
Cert_bfaff7ab24509c09bd7dd4c70437768027089e4ceb04117ab07879b9b265c51e,bfaff7ab24,Cert,[]
Cert_76200548559bcf184953a28e3cb611849a30b90c2d4f83d2e9a6d57677a95274,7620054855,Cert,[]
Cert_be4475c065066b4f8dd29230c7112ddad523fbb7a9ff8090d6988612b4d794b6,be4475c065,Cert,[]
Cert_b18455d80329727d2995b8dae252ce3573e7ec3e45fc87d49e257ac32a47d561,b18455d803,Cert,[]
Cert_c08aa9b78e875464b7a66c50803ff6f182432e67c0d9065a2135547238fc3f6d,c08aa9b78e,Cert,[]
Cert_ed333d635a024f5f454b54a0c3d7902b95b57e941b564d4e582019ab1d5ddd2a,ed333d635a,Cert,[]
Cert_97eef023e30ed487ee803e8800507f4169d69a848a556d8a91817c883a3f064f,97eef023e3,Cert,[]
Cert_bd306f75fa746ad6272ae558ab395ace68af363c68e4960755a92bb699e14e82,bd306f75fa,Cert,[]
Cert_70d9a3350483bcc12a1c495558993315a6365c46825870a5120e0023861ca422,70d9a33504,Cert,[]
Cert_030696bff245d7970385c36d6748cfef81227a4021bb3203b13e5f21a65a3f4a,030696bff2,Cert,[]
Cert_5e3ed4a25db87b3a7980425f34a6d36c7700df18fddf4c3eb5b78a13b73a3594,5e3ed4a25d,Cert,[]
Cert_6832c0271c9220d06e133e8b2e319b3dc6038a3a8bd16aedcc99dfda71dc9a8e,6832c0271c,Cert,[]
Cert_a988d45b6264e33a1b2d4e80962f03cc4c613780d5582aa308d6b8a8894ff368,a988d45b62,Cert,[]
Cert_18facc4bc3a9265048f7b0098f57a2fcb2139e26fb759cb36d79dce12961ecf5,18facc4bc3,Cert,[]
Cert_aaea62294ff0d72dc7b44a5e1cbb1982e7e1afd8832f43e3a3740dc5a99ce8f4,aaea62294f,Cert,[]
Cert_9d8db86d9be3a17079f31c6e585390be3a2cc2f3a9ce0b90958d66e1dff7a5e4,9d8db86d9b,Cert,[]
Cert_baadcad0215750f54ab4d1d02b01447e755165e75bd01d0dc8676115e8909a6d,baadcad021,Cert,[]
Cert_8921be41c25d49587d028b96b4aa1f6540856f3a043021592f37d8aa5e66475a,8921be41c2,Cert,[]
Cert_faab76c93fef95dbf0fc8cda9d950a4f613697a0bb3a4ad550a4fb72a7dadada,faab76c93f,Cert,[]
Cert_9a2efd8c7e2afaa7248cec82917757de5c8dc7bdbc7b1c3054512f7937aa71f0,9a2efd8c7e,Cert,[]
Cert_a0c8e7b573cb70b8b95f979198fa9a430b2cf9c69b4fbb20b9d93494ef32dbf9,a0c8e7b573,Cert,[]
Cert_7df7346c995c8d3cefb449963b92be2f29dd29f116c8b451eb803b2b229cda3f,7df7346c99,Cert,[]
Cert_1d98d59b9a17fdb07c877a3d32884ada3c91a09dc5ddcd9103e769a41bb8e0dd,1d98d59b9a,Cert,[]
Cert_3aa48f542144259336a34f131a299e94f45957594f4260ba042c5af677df1978,3aa48f5421,Cert,[]
Cert_0f242c87a2c64ec86efa870bb296344a22db4cb3363816d03b864f6da7c12878,0f242c87a2,Cert,[]
ASN_96fb0096ad212330192b8cabc43528af8fe463bcd99a61dcde8a51ea73e648f8,AS_96fb0096ad,ASN,[]
IP_CIDR_41b7565f87475feb00f556c4e9dca8dac76f5693ba2bec8a0c8d5f33e20d7d82,108.160.xxx.0/24,IP_C,[]
Domain_d5ad3899eaff952016e372fd0ec920ddd7f944ae38f74f05cdbc28681e2e89cd,d5ad3899ea.com,Domain,[]
Domain_18829051d200a36972b96fdf3183cf575ea8e216a6a4806dcc2df9a1bd305665,18829051d2.com,Domain,[]
Domain_2bf0934f58f91a2541ed07302d7a504f31abd442502b5ea12f39764dd265c2da,2bf0934f58.com,Domain,['B']
Domain_8087f6fcd108c695bb36e6ec2da44c965df85e04ae579a7b624849dd0b2d86bb,8087f6fcd1.com,Domain,[]
Domain_e1fc2b1a50604f2b8b8134950e367ba15e728a616aa8dfef15af003b64ef4823,e1fc2b1a50.com,Domain,[]
Domain_cbc8e624d01bb5909a5c3bf2a3603b725f100e7c74794cd8275930e77bedfe49,cbc8e624d0.com,Domain,[]
Domain_0ca9c0f8d2b8c9faa4e5c32e6c63b3b7b886cae0a8e4ba18a637dd6e979a5682,0ca9c0f8d2.com,Domain,['A']
Domain_f3dc4341e82163076b228edc79f02f4476e9a447ec8942b8cea46a6d95068312,f3dc4341e8.com,Domain,[]
Domain_53f09ad8076076637fdc42197edc3769055499a3280b028f6d12697ff51d47ce,53f09ad807.com,Domain,[]
Domain_171f5c8dfd40f7ca99b31b25a17b2c0c4fd6538f7479adab2b84045e626d02f2,171f5c8dfd.com,Domain,[]
Domain_ca5a21d5e9565ee1343c8176bfa0de72a9470baa6a085b018652f5835ad38c5b,ca5a21d5e9.com,Domain,[]
Domain_e6c8208fe02b2434378fb3186b97d0a667babaeaefa9663a5b94a71b8518fdb2,e6c8208fe0.com,Domain,[]
Domain_e35ea4857920833b8b24844f1f005ddb95ff2957668d6f43d47169699ad5a6ed,e35ea48579.com,Domain,[]
Domain_35f71a704653c5ffd138a5dc6d24dec2f3ad8fa8105948912d93f332d1ef3faf,35f71a7046.com,Domain,[]
Domain_566beb37068107a581f31219014554697d089adf4846a7fcfc9464a1f1a07d3f,566beb3706.com,Domain,[]
Domain_df45abb9a8d542af8081967c12dc0292ba06023f1e7195a1fa252e8933e5693c,df45abb9a8.com,Domain,[]
Domain_b74cc208831d8eff10da3a414df7d6fa812fd95dfcb4a157159be1bca414e8d7,b74cc20883.com,Domain,[]
Domain_be9fe4ec0a3c7f2b4d918209897f9a686760cebfb1f6a2bc12693e9a636602d7,be9fe4ec0a.com,Domain,[]
Domain_218b1cf7db25f5f038dcbe6c93cc51d0b92f1e21233aca6f5298fe0eb86eb3ec,218b1cf7db.com,Domain,[]
Domain_c8dcdd2fdc50359cb2cfa017f423026635b75ce32aa96a1500cfe19e33e3e739,c8dcdd2fdc.com,Domain,['B']
Domain_2a9447f58a88dae890064aa0873c7d5175a3526f185476c20d4f1b1f281afd16,2a9447f58a.com,Domain,"['A', 'B']"
Domain_9d01a2896c0404c44946cbf94de452cd31f6f65a96fd17ea4bd66fae7e67320d,9d01a2896c.com,Domain,['B']
Domain_155b6a30ec24cc20c3725c0f76ac3f12105659cd3f3e22e0e1d6ac92664d6577,155b6a30ec.com,Domain,[]
Domain_0056f6936953eec026788de40b117e44e2eebfe9d9aa43418bba420c8f43d7a2,0056f69369.com,Domain,[]
Domain_af0712bd7e7e015f885632e2eacb9e6f17cdf79bfa63409ce9e87cdbacf63138,af0712bd7e.com,Domain,[]
Domain_995ead764a89033e095d911d16a11763096942b10e0cb0879effbfbb44a476fc,995ead764a.com,Domain,[]
Domain_e98b1bf1e3b2ca7266dd64f9079f3a3bcfbeb2f14cb2a431465dbae403dd44d4,e98b1bf1e3.com,Domain,[]
Domain_d371fb8a1c660be81d237fb0e7f54188ad3357950cfbebbe47a33ff7cfc4fe05,d371fb8a1c.com,Domain,[]
Domain_c90f054906c53f37d2bb46452c6dd3c0daa19b24f82fcc700b3009fba27d8ac3,c90f054906.com,Domain,[]
Domain_7b4513bdfe256c02f61348f47b15016655607daaba7c204139d7591110ebb46c,7b4513bdfe.com,Domain,"['C', 'B']"
Domain_08e5aa28b4f3bc06273d7c4139dbc34404162e494f3554d9541f57c8904592ab,08e5aa28b4.com,Domain,[]
Domain_81e9e83413ca1e75bf2f5a032726da664c0cfa4cb5ba5bad2e8ba83355c67167,81e9e83413.com,Domain,[]
Domain_53d56516f3feaffb0094b504c1d57d95b1dbdec7f6cc3e05086f3bb81730b843,53d56516f3.com,Domain,[]
Domain_64ab30501b4b4a91758d7d9f30927f3271c47dcc0efba2c7f2c348eaee2d8452,64ab30501b.com,Domain,[]
Domain_c578328fd2446e7d66e54c71f50157c93c4f03d992758e18c6f1cb35224cbc45,c578328fd2.com,Domain,[]
Domain_177f379f49330a1aaded1b5627122b9ee53e292481b16cb462b36a6bce53427b,177f379f49.com,Domain,[]
Domain_a7b341decb0e373be6dfd623e1a5de9db233dab062501a935f499297bb2f5d44,a7b341decb.com,Domain,[]
Domain_58ceb920239acdd5e9a50313b3218b9e3909b1d6acccc23bd5846a19ec8b2496,58ceb92023.com,Domain,['A']
Domain_4e7785b6940834a6379fb9689b04cbb760860ce5c69a8839d2d448da621b6753,4e7785b694.com,Domain,['A']
Domain_d5c1f5285b8272d4a7410c439d968a0cda8c861c104be08d119fecf9294c3fa2,d5c1f5285b.com,Domain,[]
Domain_02e5812668ff3f414ecfc840fa05ab91e8aac734a4eb35b7bb36088ca56b4ca4,02e5812668.com,Domain,[]
Domain_36184f0f9217358430d5cfddc8a1e137540d5c639dc2fb017889f6dd9772ac9f,36184f0f92.com,Domain,[]
Domain_db52d32537f10398888f49c19bad2033a70ffad8dd550e8ec1cdb9988106ae5e,db52d32537.com,Domain,"['A', 'B']"
Domain_17e4e0d1ae81bab44339d6c8625884209c34099dc9fd4bdb689823196415387a,17e4e0d1ae.com,Domain,[]
Domain_812db2cbf295439520c8da468c6d3023067b9f9560846be600f2903a859f0df1,812db2cbf2.com,Domain,['A']
Domain_97780c26b25ba092fc402f3073facfb4285a08231413a99f8b608ed4111d96e2,97780c26b2.com,Domain,[]
Domain_da35d9d76e6c65b4e4ce215e41ba64fb9e54a5559f0471bd714b7ee569c7fa51,da35d9d76e.com,Domain,[]
Domain_1223f87be0abe1a5556a99505e7a862f25c80b90648d60e3c3eb914464c6c416,1223f87be0.com,Domain,['A']
Domain_a86f29dd3c06314ae746dfb7f4d2437e23d9909b32a7a872a275d5d03b01b86f,a86f29dd3c.com,Domain,['B']
Domain_bb71b89c46414729ffa54c807bd66f836235618dac80568f947e7e4cc6f1d146,bb71b89c46.com,Domain,[]
Domain_2e462b291eaaa4c16e962932ad537ba40c7f079e55c833c71ab6ac5af87c3448,2e462b291e.com,Domain,[]
Domain_78d4a7dbdcd98101d63af32fe36b10a5603d11f7fadef51927b2053ed4b8bc23,78d4a7dbdc.com,Domain,[]
Domain_2dba921522be53a455e0c4439ad71c22a14bdb9e132d472d83b310250678756e,2dba921522.com,Domain,[]
Domain_61341ebf33e625ac84f3ecbb529e3465d40eb20f3e2291e3189eb9ee8ad95336,61341ebf33.com,Domain,[]
Domain_9708460be02eba7f65b5a7fbca4b9d00446ad9d17476a2995b1e150ecc9806b3,9708460be0.com,Domain,['B']
Domain_3abfef69bdf29ae4aa388a304be37c8e7dbfba824e1f1ca999be9d4bef41a6e7,3abfef69bd.com,Domain,[]
Domain_3b93d3deb5d7aa82f893ba392316a744fc5009156b90feff17badb4cd0e111fc,3b93d3deb5.com,Domain,['A']
Domain_e2f2d042055b6a436c60782b30ab3863374f75cad430180ba87391136be2e27a,e2f2d04205.com,Domain,[]
Domain_1a7f86702269004e80d06db1061a7446fc87f091c772fb9917cd5159b3b5d898,1a7f867022.com,Domain,[]
Domain_e4a63d77374ae4d1c93547604b6ef36529b2d2f232ce3a80b7d434d7efa60d24,e4a63d7737.com,Domain,['B']
Domain_6a365b774dce6ffb2932883639cf6653399c1bd97a6ef9e2dc571b30944480a2,6a365b774d.com,Domain,[]
Domain_ba8ab37f79c73cd597214af1da139c614e28878fab57c7308bc1a5ca4803b97f,ba8ab37f79.com,Domain,[]
Domain_c00304dad2c92c4ccc76f85a4d5bc006607eb7ba0961a09bf0275539b0d45a9a,c00304dad2.com,Domain,[]
Domain_b91e31493d7460e3f4e3f5985104ed5df8a9f23ba0015e5dcd8cc949fc2ca530,b91e31493d.com,Domain,[]
Domain_fb0932551ee1bb6e2e3a5465f687d13231f66255accbfc03bbf0a48be008ed34,fb0932551e.com,Domain,[]
Domain_4f968d627aef124f4f437e294efac2fda3004ed5bae5b5c1e079893f26f74581,4f968d627a.com,Domain,[]
Domain_16592c954237ae8185c04c6eac0cf06c2434e5378f26bc6b694a92e5e9688b25,16592c9542.com,Domain,['B']
Domain_34ea87312636e4db65f46b33f5490e2b4820fd937ff143a2f6ddabe8812e65a7,34ea873126.com,Domain,[]
Domain_7c3af69832529b24cbd4d41ea957168023686b5309d6d3f1e6cd73e5c1045cfc,7c3af69832.com,Domain,['B']
Domain_032056293ea2cdc612b011e2c99bd1484961ada760d3912617988499d02a5841,032056293e.com,Domain,[]
Domain_6928356faf62b2bbede094d57e5e59487f42b6d059099af0c0a4915d5d976569,6928356faf.com,Domain,[]
Domain_c818c2c7b7e3fa8fdca3cf356c75a87a41d51639dd3c597e8fd73fc6da147d8f,c818c2c7b7.com,Domain,['B']
Domain_437a047ba3cccdb4e1e98edf1139344fc1ec13334925e3630e11e43bdf04ab45,437a047ba3.com,Domain,[]
Domain_f6d9d232decb278943e96c540422d3e8f78a209033bee03589f11bf9a228b0a9,f6d9d232de.com,Domain,[]
Domain_c76598bcfb22e0858afca95605999b37456db836ccd1dc1aaa6baf6b1471091b,c76598bcfb.com,Domain,[]
Domain_24b409456468041f7615a80cc6eff3b0552542a6c353402d22637938eb6258fc,24b4094564.com,Domain,[]
Domain_f08b32bf96af1328beb5ef2e089f0307afddead598757dd7aa47c8f1674a7c25,f08b32bf96.com,Domain,[]
Domain_278e4370e1855b36bdd216180b976ab00c3d702f503a3818401026578796a643,278e4370e1.com,Domain,[]
Domain_4eef2a93033f46dd8f15ee47f806195fa9d26ff7a57fb89b6c085e3ad5910b0a,4eef2a9303.com,Domain,[]
Domain_f037fd35d0e659ea510744134e9229874a7fd107546e57b124564f8a0d387aba,f037fd35d0.com,Domain,[]
Domain_e19aaa8a172c1820a5c2b0b876438fb3232905829fc0458e45f650f5b18562c2,e19aaa8a17.com,Domain,['B']
Domain_785e2724c2cc7037ce4b800525c95a5e573676719da71797f8ad84880cf14758,785e2724c2.com,Domain,[]
Domain_ff56623aff1f18e0bbeab9ad481cb7e15935a306e6df70fc6a2aeefdeadb9761,ff56623aff.com,Domain,[]
Domain_37592f93d78c0570821643f84d1016f635f86c0e5becee194e16ec9ff7de0b82,37592f93d7.com,Domain,[]
Domain_1009b1053ccb18f53f55fb63de0c1e0c1dcb187b3edfcc6e204fedee987a1e18,1009b1053c.com,Domain,[]
Domain_7e7efcbaaf5b207fc22c41b0b31d81ef2e3491e8e3aa8bd60bdfe01ea9e09a0a,7e7efcbaaf.com,Domain,['B']
Domain_01014ee05d008c8f25671cdec3b98d53501a1cbd652358d5538daaa4f8352b8a,01014ee05d.com,Domain,[]
Domain_97561be68bfff1938f4cb78d9b09c21f6631ce396c20156473208fe1de34ebf4,97561be68b.com,Domain,[]
Domain_21d442091d7c2e6bd98c12c4d50ff499a363cb67b7475dc87ae6ff9bf5018b52,21d442091d.com,Domain,[]
Domain_0bd9fa95953a4334ca180c736d4e13e0a1db7a893ec1b87e6ae17be9778c3d67,0bd9fa9595.com,Domain,['B']
Domain_f3f1899da843da1a224d313b3995eb257e0a9d5b4580096a4088a46b017f09ad,f3f1899da8.com,Domain,[]
Domain_2c4520a3753bbefcc7dc1654b657a44c973bea3cb6208b3d53f299cee74123f8,2c4520a375.com,Domain,[]
Domain_29a9d69116a823b734b5e891a6e90ebd3644a5c55c94abe093ddd100c45c4f77,29a9d69116.com,Domain,[]
Domain_891da3d5b16f40cd84d47c1bcc907d64edb0ef3201d26d4d21aae8acba7afbf7,891da3d5b1.com,Domain,[]
Domain_95d89c9f959e8a30fce8619ea1665a3fe72406cef376443dcfb068d9c951212f,95d89c9f95.com,Domain,[]
Domain_f78e4831fca79240dda08d6cdeef73d5d7a3a892bb6b8f5f4a6f364bc8873154,f78e4831fc.com,Domain,[]
Domain_bf6027e8e8c81959d341a82aea5f634af9f8d4e134e5068a376bfe1584c172a6,bf6027e8e8.com,Domain,['B']
Domain_5d7842b21ddc48b5789e69b2e86d2aca7a033cf593317e2f87a1577dc536bbae,5d7842b21d.com,Domain,[]
Domain_50b712f63b1fba0730dc4997be8e36b72769b3b7a332ee6dd01ebdd2e728bd4b,50b712f63b.com,Domain,[]
Domain_28eeba6eb3d8784f2b593c6a80e9680a0023aa83e1af5b966e93afeb1fb58c48,28eeba6eb3.com,Domain,[]
Domain_596201304748f249a247ae33f9a8880cc48201b32b64ee4e2bc8f8c92bf5de53,5962013047.com,Domain,[]
Domain_46ecfd357b95a3288a14664f1a769d301f5fc4587b81ae370969745787f0cbb5,46ecfd357b.com,Domain,[]
Domain_28e04f8723fcad18b99469542b65b3c98b252bf5c82b0e108fee1a30cb6f2ead,28e04f8723.com,Domain,[]
Domain_6459f4e1b91eb59f1c05d0b0ddd61ffba523d9e07b2e0c44631dae929d857f51,6459f4e1b9.com,Domain,['A']
Domain_66adf4c442056784c1d9e4227952e920e7e7846df8510afe2b2e8cd808f80c32,66adf4c442.com,Domain,['A']
Domain_b9df8979a035feea351f829dc0d15d150a6da7a4a83a66ac67c929de0f09a666,b9df8979a0.com,Domain,['A']
Domain_e52592f398b7e2836d1d1df07fd94f7a6ce6080c2ef04b3b2cce9f28501e4eb9,e52592f398.com,Domain,[]
Domain_5b41d4ba43f915a22865fea25ee784bc391ba3863149daff3b97798786536af9,5b41d4ba43.com,Domain,[]
Domain_014a60a9cac1016a22af625b3e08936118b245cba183115ea9bb85fd04c94041,014a60a9ca.com,Domain,[]
Domain_3de47d84657dea292c3575f8130910ebddc30800a4541ee6e5f40339f6ac475d,3de47d8465.com,Domain,['A']
Domain_f735e1cceeaaa0f2bf670b8a071f3b310ff7d538a5d3f7484007f2b6878a8232,f735e1ccee.com,Domain,['A']
Domain_70e4ca8c95cfc6d18ed36712b175a3c4ca03b9bc11844303badbd8db2f9c3cea,70e4ca8c95.com,Domain,[]
Domain_372e605012f3e8e39632fff13c7d55c31bdc72be4447db2330924e8da8e60ea6,372e605012.com,Domain,['A']
Domain_50460a3dacb26cbdaac0f28ce98b3727a5283b94bed89171f4de34dcbe8ee704,50460a3dac.com,Domain,[]
Domain_a502633f18047553a2158267af1617f4dfd7f09c1582d851d189ce7b65a72906,a502633f18.com,Domain,['A']
Domain_2707630b93c2a9f2af7faf4bf41e87ebb1ac40e1a5efca825380f5cd076a0c6c,2707630b93.com,Domain,[]
Domain_bca3d4bbb5f86d275bbcc9ae27709c7e9f9391d056f3a8256db024ef97ad23d3,bca3d4bbb5.com,Domain,[]
Domain_53b0dd11574f480369075053ad4aeed61bd26a61c15e1aa3daaaaef1acb13f5a,53b0dd1157.com,Domain,['A']
Domain_2f7d1d6edee9e5119ea2ba4eae8c57a1b747cbdb7f5f9588c62a9365fc97754a,2f7d1d6ede.com,Domain,['A']
Domain_35a06d54413a43d7d420140edcc03f89504e67bbe17c2e0dc1e424df3c95a4f1,35a06d5441.com,Domain,['A']
Domain_099b6269a785c718d1a9e7cb926b2fcee005cdea8b1fb681d944e02d78f31f01,099b6269a7.com,Domain,[]
Domain_c8807bfb37233c0b908c099aed600b21c0136d0d56965d141a5caec4cb77bbc1,c8807bfb37.com,Domain,[]
Domain_ae91e2c48e26451e0ead082b36e82c4bb10a6df62d297ac16090225ea83e774e,ae91e2c48e.com,Domain,[]
Domain_85ec86b98f641e021b3abbd8961ae85c066cf77a30731480957251a6d57cc9de,85ec86b98f.com,Domain,[]
Domain_e5926ac353f8517e66ccf6b104b31f6bb058d9a2278e94d9bdc0eb321185069f,e5926ac353.com,Domain,[]
Domain_b3cf4863074a1ea6826cde87ff307ec8aa53304dc1c15ef076d44f436db5d30e,b3cf486307.com,Domain,[]
Domain_25112b4297a1050843bb0bedb6849e2fca275d2793555eaa53ae518e0daffa00,25112b4297.com,Domain,[]
Domain_0f07f80591b65143dd333389ea2468ebbe17e90238fee23a259f42e4b6580ada,0f07f80591.com,Domain,[]
Domain_752f3bcf0eea0f9d881a8eea00a873d5c743a96e204d8de8a1848b8fffdf4175,752f3bcf0e.com,Domain,[]
Domain_e388d2be0df41c82d1062135ce170125b3025d64d0916b7ffb68c63b3944919b,e388d2be0d.com,Domain,[]
Domain_4e642e477999a218965d957c114224ef0a3e79a37733bce9e10729501ad652ac,4e642e4779.com,Domain,[]
Domain_eaff1a89a60d7b1c492ed80363a23cc34c8486deadef1e1a6d0c27c63cdb7e83,eaff1a89a6.com,Domain,[]
Domain_942356784efacaec0d5d4314f72b6431198ca6feccb7f86ca65d20f932d39d38,942356784e.com,Domain,[]
Domain_0e7eaded79e5163b297b3e98dc18f62cddb5130aed1baa5b3245b5f330869943,0e7eaded79.com,Domain,[]
Domain_942927bd965d002c00a0bb7bcf36d941aa0dc97b407c3826b343c377c2cd4651,942927bd96.com,Domain,[]
Domain_aee2e738e658f9506cf80d09bb90ff15c46ac652d5cbd81d8b47d451001ee9f2,aee2e738e6.com,Domain,[]
Domain_f953597d8246715daf8aff7be187a235854354a1a5f212fa4c6aca9b31981bc2,f953597d82.com,Domain,[]
Domain_93487c88d441597712527ae25559ed53ae2e602812a8f9fc14277fe780509986,93487c88d4.com,Domain,[]
Domain_6a1ab8a9b870b04bc2ceea31b84c65d9039693f6f1ecc40dd8afeff6bfb353dd,6a1ab8a9b8.com,Domain,[]
Domain_c6020b3f15d1b860259c734135d2378c7997c0beb627b3710c06b3bf66b91078,c6020b3f15.com,Domain,[]
Domain_7f53a0517de62ca9188cecfbd93947869aa6f3b9250756ad3140ab1b63f2f0d8,7f53a0517d.com,Domain,[]
Domain_5b49f10f77cafe47fa39f5a245d4c60a3a74615fd73a27b7b69d15ad96f0b86d,5b49f10f77.com,Domain,[]
Domain_04040794294c9d9ced0099742b882ae8d065f460cc8dc7dba285c5cddffc7f20,0404079429.com,Domain,[]
Domain_3dfe176b532d73b125fee224ce6a4339b77225caaf00a2af46874b79b831a880,3dfe176b53.com,Domain,[]
Domain_9dd499adc6f19010f364a44ca531349852861bee95a16a7c650e6b9da9cbc288,9dd499adc6.com,Domain,[]
Domain_f2e23ef13c020bdab6e4f8942e1677a83e77a0cf49bcf36729e1f17983fdd77a,f2e23ef13c.com,Domain,[]
Domain_61a2f68fe6f984a949669d5c8eb23197b6bbb29de23f7a90f941b20e61ff536d,61a2f68fe6.com,Domain,[]
Domain_6bc307f6ddc4b540e58c847cfcf54a3da6574ea3972d4695045a7a92549bbbf8,6bc307f6dd.com,Domain,[]
Domain_75b88c212e2cb11990889b370a5fc0672f1a99846e8732d212e0bf4c537f3974,75b88c212e.com,Domain,[]
Domain_05b6639e4487f6dc90e9d585d4dc0c924b9bfec7907812d0ade083aa80ace852,05b6639e44.com,Domain,[]
Domain_b7ee8fb64d06a00a11cd8511820c7926e9d73a11763bc0a9849dc8c0a3c90dc1,b7ee8fb64d.com,Domain,[]
Domain_9649e31b1e6158034677f8718e5b828e7aeade6ab922565a6c578670b4996007,9649e31b1e.com,Domain,[]
Domain_65aa697be56b2a954e3954f99fcd99332ae4b33cc4b29d51c2ddcc1055d8b911,65aa697be5.com,Domain,[]
Domain_3c4e84cf03b7cc8f7566e689cda75a4fdaefd4a17fa157793f5f6a8dd6b011a6,3c4e84cf03.com,Domain,[]
Domain_8e1b59d60a0ba8fd292f907ae1760ed287320d518ed80a29a84209fdd6f1fe5c,8e1b59d60a.com,Domain,[]
Domain_134e9a5e9a0403d86a3d67f46b0002ae749c3ad6ad411750c3050cd9eb417aba,134e9a5e9a.com,Domain,[]
Domain_35345ae97c992eb859e0a948d8f6c7b5aee44401ddffb8b79eda82ec48fafd62,35345ae97c.com,Domain,[]
Domain_a18c640ee767f26197322a273c1a1e0a6e556a30de0ac42bb76fd6a2a1a2c51e,a18c640ee7.com,Domain,[]
Domain_da2fe37cf4eee6f032f5b4d3563de097777c752526ea7ebd58ac7c54e84980e6,da2fe37cf4.com,Domain,[]
Domain_63c55ea80b08c05b93eea16b2bb562dd86d8ae6ad2024ae0bc8a9ab147db72ab,63c55ea80b.com,Domain,[]
Domain_8bd9ed1d35a2016821676e4f0c46f583ac5ebc50e283c0735636af28019eb843,8bd9ed1d35.com,Domain,[]
Domain_8f33f3fae455e3aaf653e4ceb2acd56cb322894fb1d405558c0e3b1af9c00f41,8f33f3fae4.com,Domain,['A']
Domain_ca6eeb5e4d338bfa75e7218fa54fe4e58c9b660feab835ca0e393c960d5fdb52,ca6eeb5e4d.com,Domain,['A']
Domain_e497874819b6cedfeec82cd8b746739596fe89761a54018041a2cb4e13a29039,e497874819.com,Domain,[]
Domain_9e253bd7bdebb09da21a2095867997717e95cc4c97cf9784bd676c66d45ad6f3,9e253bd7bd.com,Domain,[]
Domain_47511998fdf698fe93473a56610db8d0f896ed259443c92150c0fd40d2e08bd0,47511998fd.com,Domain,[]
Domain_300451159836aea4876a65772a47854268d442b9f5db24461cd82e3bde29cbe4,3004511598.com,Domain,[]
Domain_9a600f04823710bef2dc8fa917945d717d45bd9ef995658dbfffcaddd4cfd2bc,9a600f0482.com,Domain,[]
Domain_6149444be468eb568aee37335d73dbbbd64a28566df521d380b524e7d55cf21e,6149444be4.com,Domain,[]
Domain_4401dcae97708be0bef1e4d269d82b055d414bbc599e4d5acbb13c819a0a8f68,4401dcae97.com,Domain,['B']
Domain_f8264eebcd4068140961bc78c6df7b0352b631ccc0f26b0f0f9d9c2c05574900,f8264eebcd.com,Domain,['B']
Domain_be8447f433c8665b4426f2f117d76f8862e5f40ae1c849b33a08b8b49b779c4a,be8447f433.com,Domain,['B']
Domain_98b12ce8ff5b21d6692cb263555ce6c28cf1e0435a2ee0818c706e462f806716,98b12ce8ff.com,Domain,['B']
Domain_2c6a2f6dab7bfa4b5cf0b34a503c3ff4e56341d31a715b67c9533617cd65512d,2c6a2f6dab.com,Domain,[]
Domain_de4cc559642bf6ae9cb97624392bc1857ee351962745ae5e192a7da2da56a3f0,de4cc55964.com,Domain,[]
Domain_e7ad78f59e6d577e565b713d541fbe11589e617ae2cdf58e0c26c60f152a6806,e7ad78f59e.com,Domain,['A']
Domain_6a3b28fbbef9b5c1509bed6bcef91980d047eff147e2ae32416c1b599e076dee,6a3b28fbbe.com,Domain,['A']
Domain_37322848eda9435b06cd8076a3763d366e3a330c91691b443b072cfd029e1469,37322848ed.com,Domain,[]
Domain_e022ab67225ed24a5584e7c464278d4d6417164569ea53415e8771ed165b4c99,e022ab6722.com,Domain,[]
Domain_17abab5d3bf36d882fb88042df42ca1676dc77e31d23a5d2b6c85ab8bef1000c,17abab5d3b.com,Domain,[]
Domain_a3ce4e32fc600ab0e2bbd10e43fad14425f17edbb1946da96309a4683918b4aa,a3ce4e32fc.com,Domain,[]
Domain_4e61c96c7cc8a86a69604f8c86bb38c66c5f0d95506a0146e916b21ce239a1af,4e61c96c7c.com,Domain,[]
Domain_136686480091eead1975179d8ec3ba945d010ba882ca1290aabc760d2fd7ae04,1366864800.com,Domain,['A']
Domain_22d9d3c45edfdf5c83b639a0c2f364cd5cf3e66ec769e9bcb4567f235dcffc16,22d9d3c45e.com,Domain,['A']
Domain_5a7d3a774cf4a6f494a30cc0d955ce9ff98688a2cd9e21fcded512e15bdbb317,5a7d3a774c.com,Domain,[]
Domain_f4e19b1297ea55077ad0acfc3864002b93c65566ce534e4300ee7c247257a83a,f4e19b1297.com,Domain,[]
Domain_1f53d37f964def1294a2cd15e0132b102050fa2614c36f98fa7a916d8cffeb7f,1f53d37f96.com,Domain,[]
Domain_25977db28a986f6adb671956ebade9cf647325afaa8c3ec66fb02c2015a85ea3,25977db28a.com,Domain,[]
Domain_26cb0bdc5da3352a829a1f5754dd18edf8c0f5aad8e1a0decd2c69361acef05f,26cb0bdc5d.com,Domain,[]
Domain_3cdcfc39944a2c55afab897155ecb4b657ffca750a61678b687e3fadf4a7b575,3cdcfc3994.com,Domain,[]
Domain_a96aa6dca062155746998a15846c3f345932612f9789b9c66c2705c6b9fe469e,a96aa6dca0.com,Domain,['H']
Domain_9bcaf3793828d043e591128cab4d1aa15a3a79da0cd8ce8616cb9747f192fda1,9bcaf37938.com,Domain,[]
Domain_0e5f775a7557916e8c3132c570e13c383fc83a834f9e90ddf2c12699ed0be852,0e5f775a75.com,Domain,[]
Domain_8fc825e3d93f57cf812ec0d2779c193efc153499f148aff0fc86b96457350998,8fc825e3d9.com,Domain,[]
Domain_88675a501b4061e347d79bc103d797bac235b38426bb772db96b33c7b5de6b90,88675a501b.com,Domain,[]
Domain_d70f9885b4f25d729970c778272df6a6debbd5881e6855ad9567a19b5f5b549f,d70f9885b4.com,Domain,[]
Domain_4252b9ef7992810b4adcc3f336519a590bca2ceaafcc736fdfdf887792545cb5,4252b9ef79.com,Domain,[]
Domain_ad736c3d79977c7faa2c8a32f2146daefdf89aea029b6eb750210151ac6e1c82,ad736c3d79.com,Domain,[]
Domain_0e11541f4686de2b6f7719aadf1f0927d48cd4b944e3778bb363dd8d08183779,0e11541f46.com,Domain,[]
Domain_c03f5ff533d87ff25af1cd3d5c752826f040e1a03acd505bce40f060bb63224f,c03f5ff533.com,Domain,[]
Domain_90a27961b7132ae0ca5136c5176d36dbbd34fd4ce54bed44ed7a224056f9757f,90a27961b7.com,Domain,[]
Domain_3e03eeaf8321f723269ad9d58e050ef476a3206581362085ade89cb3e17cf78f,3e03eeaf83.com,Domain,[]
Domain_c070441dee6422c8c9d5d95b087caf730f6bd1d4a292099266f13f13bc441e2e,c070441dee.com,Domain,[]
Domain_46fc3c709be177150a174feff90fb4cf425bf7c4811737ba8c9f99ff5d3bf305,46fc3c709b.com,Domain,[]
Domain_25a76e587cb3d3134bf2065fcc9163ae1dda061d1c72ef935b1a021d59804dd3,25a76e587c.com,Domain,[]
Domain_9d32d30e3be734fa40d841b940b1bf7efe2129e62bdc924d90c54ab8c4b26d2b,9d32d30e3b.com,Domain,[]
Domain_c590ff4e22739ed4a7e183bb69e669340ebf0167c2260272a6a72058abad3416,c590ff4e22.com,Domain,[]
Domain_c5c4363eba748b2a6cfabd5ed4be876d2a7d316ef22b07abac045ed477d87dea,c5c4363eba.com,Domain,[]
Domain_d74ed9990ba0dec570df112a0e912e58f7a9338e01811afc59e21adf564cb2b8,d74ed9990b.com,Domain,[]
Domain_907a70a005739fb47d06a52e9f253604faf78799a5353d2b3fc9140c1387f00c,907a70a005.com,Domain,[]
Domain_cc25f864a235f5ec0d02f457304775a126cd56560f269d9dff304afa87aecaed,cc25f864a2.com,Domain,[]
Domain_71cdd45f7e7415f5f41a0b165a53ea91a8bc100e82494b8605235a790ddf6b4b,71cdd45f7e.com,Domain,[]
Domain_11d88e518f5dcf6295282ce40d1c99bc7ce53a971667024cd7cfbd7afd7e20b8,11d88e518f.com,Domain,[]
Domain_75ccd9538a7f01f2377adf596bb4322d79a2b9b9e5e0737d81d87522e2982a0e,75ccd9538a.com,Domain,[]
Domain_309fa68f421df034a4b682634a4f2866d151c8f0f25248d9239228eff9d40dfb,309fa68f42.com,Domain,[]
Domain_74749ca52e22de97a27ddbeed1ceaa04fb5f8c17b436076d4d03502266f2011a,74749ca52e.com,Domain,[]
Domain_a813ce6e5a4293fb0eeca5eb34ac2bf7b7c23ddfac2c3bf2e7fda2ceeab2cb5b,a813ce6e5a.com,Domain,[]
Domain_668ad3bd7208bd0351267459fad610b9336b09b7f77e196d0e57d2000f7d35cf,668ad3bd72.com,Domain,[]
Domain_3e2ed7b19bfd7f9b71c0b8802cda10eb05d05e213866274d3bf928836914c10a,3e2ed7b19b.com,Domain,['G']
Domain_b93d872a7a775c3aaa7cd80cc60d3609d5c0212662bbf9151eda0b23c08cf067,b93d872a7a.com,Domain,['A']
Cert_9649a75d82f0082679ac1a70169b3cdd7ce1b802b0d969e43cccdb98ee998a99,9649a75d82,Cert,[]
Domain_6a384eb473d0aa2409557b698d601e0ec0ea87c9ca3d107cbb922d0ea1f13608,6a384eb473.com,Domain,[]
Domain_21748d7dd08d0ca7c40b84469b7ade07064b9640efdcfd16d9fd312e490e88df,21748d7dd0.com,Domain,[]
Domain_4713248fe3312ee27313a24f89a7b3e517dc3d09d1490c425f2ec9d8bc410ec5,4713248fe3.com,Domain,['B']
Domain_c056cad937ddd6143de2277788eff40daa4347b8bc27c67d0e5b1399ca72dffc,c056cad937.com,Domain,[]
Domain_6430c9618156c6d4086d83e524b4ae7949bd38a81ea07f8843fb7bd6ed0fd35c,6430c96181.com,Domain,[]
Domain_09ef3552e437a7cdcfc95c5af186fc88808c1f4083b493e5420d2d74db55652d,09ef3552e4.com,Domain,[]
Domain_b5ea183035e92a4545732d8cb5f76f596447262663dc207964ab4677fa4b0691,b5ea183035.com,Domain,[]
Domain_72741d2f68c3f9836e2251ea77b61068be8c871633c56f52e8d1cb699a9432b3,72741d2f68.com,Domain,[]
Domain_8da420245a0309119bcd1bf09ce450cb8a14254764fcc2ede3899168d2465c49,8da420245a.com,Domain,"['A', 'B']"
Domain_15a6ea034c03fc95a9afb31623ac56e15330ab1fac0c2e4dec7e14a6e2f49953,15a6ea034c.com,Domain,[]
Domain_442c922ba76c572d82355157b249dd5458b3c6e8b18917c54acd681361b07eab,442c922ba7.com,Domain,['A']
Domain_a52327823a9ecd442969918fbcab81f57f58f523994f334381c925158c234d86,a52327823a.com,Domain,[]
IP_306f7fbef8700a36f754145f5c1e90086cd3f81c8dd9b43105ecd816e2f3318f,157.240.xxx.xxx,IP,[]
Domain_66dc77ddd14834daff2dccd95a8d7e60b41d832b46de05399d672813ce37c47e,66dc77ddd1.com,Domain,[]
Domain_1842dfe30af785b03b48eb0c43b18d1f9638618c72d5e01308f1514291fece91,1842dfe30a.com,Domain,['A']
Domain_88d1939edf2e51123547a4df7a307db7bfe5af7a194517aba0f40b577807af7c,88d1939edf.com,Domain,['B']
Domain_366faffee4881f6a82f6095a4f46c7e2e48177690a94b289ae63054cf1921cff,366faffee4.com,Domain,[]
Domain_f934cac5e1b6c4589c53aa06e70de555cfa0403fe029c8e619b3344bfc2ad5bf,f934cac5e1.com,Domain,[]
Domain_84a613ac4c1c066cb084383463486e0ad200e67587fedc3c2391bc3c979cc84d,84a613ac4c.com,Domain,['A']
IP_CIDR_8a8832fd3d05e3bdef1ad89b4db0f715773030cb472d37ea2423ad994154598c,157.240.xxx.0/24,IP_C,[]
Domain_053b0c283a0e713550aa358031be5caae312aff2ea451afd72186f4c8ecc6011,053b0c283a.com,Domain,[]
Domain_bfd366168e319eed90099ad98528d62495ac0d4c451471c10419d8ce8f667814,bfd366168e.com,Domain,[]
Domain_7b4a84c44a073333617aa39d0d5745f2b50a02da32b76820e3efafc8e0db403f,7b4a84c44a.com,Domain,['A']
Domain_aa0efdfbdb42103f82543987ac4ba6d09281000c111a92e5fa4068ced344de7f,aa0efdfbdb.com,Domain,[]
Domain_dc8fc6ddb17d6a1b045c41f9643ec6544cc7566df5e81c1c10f9eb505e364e8e,dc8fc6ddb1.com,Domain,[]
Domain_7d74e1f06c75b60d4527287f11e868d304411ab984228df3f88408bda7d093bf,7d74e1f06c.com,Domain,['A']
Domain_26929883b26f979631fae3e1f6e542c05dc0caf2f36babbea556ed753d9195f7,26929883b2.com,Domain,[]
Domain_b19fcbb8e36e3cba2d3113c062586aa531847c73b467ff2ca81e22120767fb94,b19fcbb8e3.com,Domain,[]
Domain_751c0191945d43c7d91bd5013b5e4473502fd67a7d67106f322a574f2c99aa9b,751c019194.com,Domain,[]
Domain_e43a3fa4090b779e05eefcefaf3a4ba3450ebe26573f20b11e4647ab07bc58d2,e43a3fa409.com,Domain,[]
Domain_275df5eb0933b709b59f0ea47fb68fecec31de227e3412c25ed964eff5f9036e,275df5eb09.com,Domain,[]
Domain_dd61d8087c6f9d8f925617dddba9c19b7fdfd99d45eb3a58f0d0457cc3465798,dd61d8087c.com,Domain,['B']
Domain_abb9d5e1a52437741b965341f929b13c26ffc4d1a9f3f7726c4da9b42a31f705,abb9d5e1a5.com,Domain,['A']
Domain_9540d5fd10b7cf672fdef00e387885935354667a6da381c2468240db8981b0b9,9540d5fd10.com,Domain,['A']
Domain_a401407e10655238c4cab900c3decba70a87c3f6d0931feccb153ad8f1e76036,a401407e10.com,Domain,[]
Domain_600f03841e73dad51231179237f8fd92d3de0827f19404525cbfa23918553409,600f03841e.com,Domain,[]
Domain_3404bb620d214c0f3a5e6f72f19ac82dddb422ee52b40a66024784fe7928d257,3404bb620d.com,Domain,[]
Domain_378d63a62ffd47795eb9065b7c55a059207727c5fd35614e766020cd492b3fea,378d63a62f.com,Domain,['A']
Domain_3ae0ad65eeaa3618022e782cf126569a58f7d5561c17c2758662cb88fde588ab,3ae0ad65ee.com,Domain,[]
Domain_63e8ab371fae1cab60f9232bf041bf2c90f9ab7a392b44fe637649031d1e69e5,63e8ab371f.com,Domain,[]
Domain_dde8f85af39f22ce1289ab66b490a3b2f0664e8886c5031e022a8e4f899271c1,dde8f85af3.com,Domain,[]
Domain_098381afe94415f412f3a2885013a9a3c1ad989d16eff96bca0a586b9c47350e,098381afe9.com,Domain,[]
Domain_11e4828690fd8e092a53e181be15a4478bfac1205d71e063a5e62823495bbc59,11e4828690.com,Domain,[]
Domain_271253b208915f903381b70a5ece759590cd425d2a42c3a7ce5339059583e9a3,271253b208.com,Domain,[]
Domain_8062170dc306635b40a644bea61043224d763c0fd7edae6af975ffc877d5f1d8,8062170dc3.com,Domain,[]
Domain_dddb81aa6a52111e3e4c2551adc2a7e4ebd3511b767853386d7f2a5be45f2548,dddb81aa6a.com,Domain,[]
Domain_84813b7d48c2bdd0e4d30a0ba79f1754f6bad2731475dcc37eab095ee5e129db,84813b7d48.com,Domain,[]
Domain_2f37dc07bbfcfa91c1cb0625c18cc91fa7642df5c7da0dda4d315ed0f9a0b23e,2f37dc07bb.com,Domain,[]
Domain_619a33cda002c27a4263095d6450ff5b69d5a4831467f03e3844b24ba552531f,619a33cda0.com,Domain,[]
Domain_da1c9d16a89bb0cdb0026b7a1993ba3908a7e5a5767724f063825b9b38fdc0f9,da1c9d16a8.com,Domain,[]
Domain_49b9d83a689ca82001c1f8fd362b2c45f746a7fcf8ccba3706c3effc471a9132,49b9d83a68.com,Domain,[]
Domain_3d71eaa07ee35db1f6d1054c043df2c313ca8621c67c83fe39a9bf0ef522101c,3d71eaa07e.com,Domain,[]
Domain_14ddd1efc50b0412382ccbb3e78adbc2ee6a80ac9dca96ab9bb0041773ef9bdf,14ddd1efc5.com,Domain,[]
Domain_70cea1f06e4d3086c48b8aeac6111416739461aff739145a4f7ada535a910ff7,70cea1f06e.com,Domain,['B']
Domain_68939514bd355e14b7dc31cf7913d40808b05f665d2340e2395b69f260f04df8,68939514bd.com,Domain,[]
Domain_4f8cd02fa2aaca28cdb3ddf62531dbd3f5f9d4d25c1a652f5fde524f41c7e0bd,4f8cd02fa2.com,Domain,[]
Domain_0e3834a1ba677fbe00c32545049a800dcab0060b61d66a8640d1332d11557a88,0e3834a1ba.com,Domain,[]
Domain_bf05c5255d98fd1b0be3517f6ad4b0cb4ce3d0e1b7b4cddcf6f5497912eceb12,bf05c5255d.com,Domain,['B']
Domain_95a518f999ef69e928229e8a800ccfe4b5801123f2bd59b6ac7b2f36268df2aa,95a518f999.com,Domain,[]
Domain_15f52bfb2bb25c385255253d88fa6ef994e08796cfb790062b920be0ed73559b,15f52bfb2b.com,Domain,[]
Domain_708fec010b9d0d7641836fb0b404cbf9b200e04447e0a62b70d46ac40130c9fc,708fec010b.com,Domain,[]
Domain_ee609f5a2c926786d0182c48272b929892f47c57461b026c924b2fbf5a4dc3ce,ee609f5a2c.com,Domain,[]
Domain_1d3d5afcbebab060b6d64b7b681695f8b7c603fc8cd67ea3faa6cd9a72ff354c,1d3d5afcbe.com,Domain,[]
Domain_cd0831993d1b7d5af2297b20f3bba61857ae7d9b2fee383bcb89a2de72ad6044,cd0831993d.com,Domain,[]
Domain_a199d0b4f8956fe9671ddd1ace61d22258a5a412577f9e2aa4d29a54e925848d,a199d0b4f8.com,Domain,[]
Domain_dc625b0d5ec41c58d70674c9f54698f0ad0582a55454487dbfa8c5f0aaae6868,dc625b0d5e.com,Domain,[]
Domain_fad04844877d0e998bd5137d2647db7b835f5fa8c3c3105311dfa55606fce21f,fad0484487.com,Domain,[]
Domain_ba4727f9203063abd7b8072b1786fcf17704064ed55a685353c99c61be645928,ba4727f920.com,Domain,[]
Domain_c8b72e163418f1d960373008257c6f445a1ff48e7fc70df454e144815d7998cd,c8b72e1634.com,Domain,[]
Domain_90206970f9874ae5beba212fd53eb0e12d0aa803dcfac76a737eeff5ca473d61,90206970f9.com,Domain,[]
Domain_b040cb7be03f27a2e89b347cc4b1114a8c4b1504493dad165359217bdcfc52f5,b040cb7be0.com,Domain,[]
Domain_fa5ee5cb71d4206b363abf5a127a00aa98db4785d2007a5d98710334c70ba185,fa5ee5cb71.com,Domain,['A']
Domain_b9e55a9e0d73c1fc5a7548f86d9097a41b21543d0e45874341218b9724e84df4,b9e55a9e0d.com,Domain,[]
Domain_06f71aab93b0c21be2575182f13053362a42e506c96bcdc1c61fda05bebd3ae2,06f71aab93.com,Domain,[]
Domain_4fefc736afd12a37a3fbbeb85067947439855894c93da8b27fd7ad513f8b1bbf,4fefc736af.com,Domain,['B']
Domain_b32886699beb59184937b416158c1e7bd64619f56fc4342873e428c8a051b91e,b32886699b.com,Domain,[]
Domain_0878ce2aa5d485cf243945eba10bc7121cc795a338179c823baf6cd0652ed70a,0878ce2aa5.com,Domain,[]
Domain_1dd3ad5cf03b94851e719131f680f69c99b5188b7a073c42c5c34b5c86addfd4,1dd3ad5cf0.com,Domain,[]
Domain_b4ae7f1e6d596ebb211856322bf02889d32e98c0d7bc0d3d39308038f63c6a74,b4ae7f1e6d.com,Domain,[]
Domain_35956dd08fbceed07ca42b47c60d58cb7a6bfcafa6ecd3228b44f73bf02583db,35956dd08f.com,Domain,[]
Domain_e375fabe7e89bd5ea516630ab391d58730ee90a3bd74878ef59001d7e785522f,e375fabe7e.com,Domain,[]
Domain_e0b843f6c57d40b240afbacb17dbfc84c7f56ccf91dcb18fa3d5ecd3c28be145,e0b843f6c5.com,Domain,[]
Domain_c246100ff7e8ba14117ec8a13a1f65d6463957c83b11b64413a5a0d666c93731,c246100ff7.com,Domain,[]
Domain_1fcbc54e6ee50e4c24d420cfee30081012ab51c448b46b57933012dacb67649a,1fcbc54e6e.com,Domain,['B']
Domain_cd8be4ea162dc39075635a885b99eedbdb26575d9e79b12fe6833e7b66716f44,cd8be4ea16.com,Domain,['B']
Domain_d2cdd0e9e3e553227c743e60c03d11e8c9c6e6a5e90c55709398964dd1471f08,d2cdd0e9e3.com,Domain,['A']
Domain_7bfd05aaf65c1037cbf16d9311267696d7b0ea76dd817f32fab102d0ef04b1d5,7bfd05aaf6.com,Domain,[]
Domain_dd668173c5fe940e2dd08d05019c9a12f61df6eca9e7cbfb6e2c8770ab93edea,dd668173c5.com,Domain,[]
Domain_21c56940eab9515dd69fe46042b1268103236ee5d169ba405626a7d4670a42fc,21c56940ea.com,Domain,[]
Domain_a73aaeebdf7d1d65f7ba9b391b80f2c127edd8fe6b8969db4d9ad6cb51a7eb69,a73aaeebdf.com,Domain,[]
Domain_8e6ab1505fbb9b05a4b59065bd56091e245ade5d5cda22a5c1a63d41e481cfde,8e6ab1505f.com,Domain,[]
Domain_eb62e74711ad8132bcb80262792370c3a1b9d8148ed29da231e9f10d06268abc,eb62e74711.com,Domain,[]
Domain_d76e0ddbcdb64c65f786d653f366866deebc44a276d1bc742e56bd07820d1ea8,d76e0ddbcd.com,Domain,['B']
Domain_e7e28696cceb0f45fcddaff7008d1f7213a3bb1589020944533bc4938c6200a3,e7e28696cc.com,Domain,[]
Domain_abd7fca3a6852bad91d358baf96cfbdc5791fe4999ba053c3566023d45b247fd,abd7fca3a6.com,Domain,[]
Domain_1046e6316ef486487daa226ecc8b73451889c542f36399f99e931bfb84870d04,1046e6316e.com,Domain,[]
Domain_bc5aadc8e809714714c596fe0dfc84f01d46e9b115fa41702d350b7a2b4da8fa,bc5aadc8e8.com,Domain,[]
Domain_884790cb0a9740513a7946f99c0f68045d41537201f53d678505033ad394a3e3,884790cb0a.com,Domain,[]
Domain_944b37597bfdaded9511ac8422303067d0cf1f52534ed7d8a19dc3b13d110f34,944b37597b.com,Domain,['A']
Domain_a32ab1ab7961352753786397432584f1dc6ddf75c79dba958d14d84dcc8cb6c5,a32ab1ab79.com,Domain,['A']
Domain_0437095501311d7fa65826ec2e02dfcaee5fb5939c86eb2711823eaf903fa3d9,0437095501.com,Domain,[]
