r_dns_a,Domain_5e678f15af8f9f18c97171377550349c43b0e33842b2f26940d41a5d2b5c88ed,IP_723703554e50588bd7a4d49de74a8e50432168ca4e8a694f5e2312e944b38b18
r_dns_a,Domain_15f214561e89c3abd9837a2c6d71ec9428ca3e6e1e7200f95091626bf85f851e,IP_723703554e50588bd7a4d49de74a8e50432168ca4e8a694f5e2312e944b38b18
r_dns_a,Domain_375d22b12f6168b3ae5c3f47ec67148e5b92feaacc2824c59d02a7119cc45e2f,IP_cea9b4c41de78fdd49b1c644cb7ce30f30204b5c2d9416bb076d37a8e63a8747
r_asn,IP_723703554e50588bd7a4d49de74a8e50432168ca4e8a694f5e2312e944b38b18,ASN_f89b33c4980faa7ab6d670ac01b496af281357344676626c914b478ba2c60602
r_cidr,IP_723703554e50588bd7a4d49de74a8e50432168ca4e8a694f5e2312e944b38b18,IP_CIDR_1fc8af41f75a250f657f73b451ad8b123a22262cd8d1d7f4299193dad656769e
r_dns_a,Domain_9ac80d6816c2f5a7031860439bad4ce6ebf10ee1153932fe075fe2f266c85ec5,IP_723703554e50588bd7a4d49de74a8e50432168ca4e8a694f5e2312e944b38b18
r_dns_a,Domain_aa90131211545f3d649ee96c94406afdc377afe1f190a6486a82c06756f8955e,IP_723703554e50588bd7a4d49de74a8e50432168ca4e8a694f5e2312e944b38b18
r_dns_a,Domain_f745cc93f66c7c64cd348f3d0e14a40682036ee5f0bfa7727a5df5dc01246abf,IP_723703554e50588bd7a4d49de74a8e50432168ca4e8a694f5e2312e944b38b18
r_dns_a,Domain_6780949d1463a7c6464267f6bfafbd2fe2da4380fe1366fdda4f6d8c8fce4132,IP_723703554e50588bd7a4d49de74a8e50432168ca4e8a694f5e2312e944b38b18
r_dns_a,Domain_da6e2d59fcb1d600b6a1ebcba172c3cbf97ed1aaa5fbc2a11bca913a16686701,IP_723703554e50588bd7a4d49de74a8e50432168ca4e8a694f5e2312e944b38b18
r_dns_a,Domain_39f0083c900083c52311513f2c31935ba906cee75fffb053f3da7451a0301e4e,IP_723703554e50588bd7a4d49de74a8e50432168ca4e8a694f5e2312e944b38b18
r_dns_a,Domain_61a9f36d8193ab4687aaf0e28a524851ef168d5624def52e5bbc063995b4dc58,IP_723703554e50588bd7a4d49de74a8e50432168ca4e8a694f5e2312e944b38b18
r_dns_a,Domain_a7268481b09db58f44f3f15e36fd57260014d59736b6b2b71ae1724dcb692466,IP_723703554e50588bd7a4d49de74a8e50432168ca4e8a694f5e2312e944b38b18
r_dns_a,Domain_1e71005c4fce6eb362fe9332ff92df45ae45cf6e2904ae530c84e2ed0ac7f898,IP_723703554e50588bd7a4d49de74a8e50432168ca4e8a694f5e2312e944b38b18
r_dns_a,Domain_e14b71c5fd841feb5c2f3e5465a14dc5f668a3d7aa3454d85e8cdd8f8fceb3a8,IP_723703554e50588bd7a4d49de74a8e50432168ca4e8a694f5e2312e944b38b18
r_dns_a,Domain_f2fe51a93bfda0719d5ee29236e203a5661e7bb1ad3b34860813f7f8d17a1c7e,IP_723703554e50588bd7a4d49de74a8e50432168ca4e8a694f5e2312e944b38b18
r_dns_a,Domain_105a8dd53d75cf72832e860c86380b943a1c4eff6927be406b41ca8039b281e4,IP_723703554e50588bd7a4d49de74a8e50432168ca4e8a694f5e2312e944b38b18
r_dns_a,Domain_071112ee850ebfc54ceaa2b4b4f76d598e42b3519b7eb4480e2ede0d588d70ea,IP_723703554e50588bd7a4d49de74a8e50432168ca4e8a694f5e2312e944b38b18
r_dns_a,Domain_eac7e139026f658915f031af6bdfd6c093ae20ec85f5c51c3027519f5ee38a35,IP_723703554e50588bd7a4d49de74a8e50432168ca4e8a694f5e2312e944b38b18
r_dns_a,Domain_b9fa24ed1619630bc117fc59b9e1c1fda479ff8abf81a8bf25e6a87bd9005916,IP_723703554e50588bd7a4d49de74a8e50432168ca4e8a694f5e2312e944b38b18
r_dns_a,Domain_0943a4840e3b5df937a3999facb6390f6ea8884a017acb58e14fd55508708206,IP_723703554e50588bd7a4d49de74a8e50432168ca4e8a694f5e2312e944b38b18
r_dns_a,Domain_c658ed10ed534953cb6ac70c29a9fb9dd88296d8d0057bd9d69e8094361ae6df,IP_723703554e50588bd7a4d49de74a8e50432168ca4e8a694f5e2312e944b38b18
r_dns_a,Domain_e57e075b4d9c1daf6b750300854b4ea3f73550abc3c5487c30255dcad1fdf68f,IP_723703554e50588bd7a4d49de74a8e50432168ca4e8a694f5e2312e944b38b18
r_dns_a,Domain_c65859b82897993f8d70a49e686a40beb203df32774b191094ae6a667a0cdd45,IP_723703554e50588bd7a4d49de74a8e50432168ca4e8a694f5e2312e944b38b18
r_dns_a,Domain_383ebf680b47545e37079fd39ba5a5d09e532841a836fbe77e592003fcee0607,IP_723703554e50588bd7a4d49de74a8e50432168ca4e8a694f5e2312e944b38b18
r_dns_a,Domain_2bd9bc76e69f27fc83db51c8d3185475c9f2bafe9afe103b2db195a48bae3e16,IP_723703554e50588bd7a4d49de74a8e50432168ca4e8a694f5e2312e944b38b18
r_dns_a,Domain_035cb6f714b3ca1aab7863089cc30cc4d8baf4bead4ff790f9fe93fa67702c2b,IP_723703554e50588bd7a4d49de74a8e50432168ca4e8a694f5e2312e944b38b18
r_dns_a,Domain_bc36240e88f69ed9d734dd58646a42ee1af61a5a4354d19da7f39e710c13d031,IP_723703554e50588bd7a4d49de74a8e50432168ca4e8a694f5e2312e944b38b18
r_dns_a,Domain_3bf9a1c02d746bf9fe7e28b8b5031d5260556d355b7055769c1198134993720f,IP_723703554e50588bd7a4d49de74a8e50432168ca4e8a694f5e2312e944b38b18
r_dns_a,Domain_51d67251d749453f2e56f6f20a196716fd139822eb9f81f74371a6553ce2d8fd,IP_723703554e50588bd7a4d49de74a8e50432168ca4e8a694f5e2312e944b38b18
r_dns_a,Domain_3a56487263277641e9f995c60376dcd134ac6daa1e8ec4e3deb4e2d32d5f12c3,IP_723703554e50588bd7a4d49de74a8e50432168ca4e8a694f5e2312e944b38b18
r_dns_a,Domain_15252dd4776dded575283a16b51e63a67f8da1ae9f17d06b587ee18c79c41a87,IP_723703554e50588bd7a4d49de74a8e50432168ca4e8a694f5e2312e944b38b18
r_dns_a,Domain_1fc88cf1a6013e9c73627b8a312183c8d60a62b039c712176ac7da0b23a7a784,IP_723703554e50588bd7a4d49de74a8e50432168ca4e8a694f5e2312e944b38b18
r_dns_a,Domain_1f7621932acc6afce9c7da8e121116df42494748e44433b8632bca417cb93bb2,IP_723703554e50588bd7a4d49de74a8e50432168ca4e8a694f5e2312e944b38b18
r_dns_a,Domain_f1c01ab1b783df0e31adefd63fd17dd4a4a02d7595a8195a7b950f508e8fdd6b,IP_723703554e50588bd7a4d49de74a8e50432168ca4e8a694f5e2312e944b38b18
r_dns_a,Domain_93224acceba2bdb24752f9181720782850f69c8819d3518211cd6e666fc2d281,IP_723703554e50588bd7a4d49de74a8e50432168ca4e8a694f5e2312e944b38b18
r_dns_a,Domain_c7c8a568cf3ada95efac9a145803cb8c5b08a14c18271af59df689b772e7866e,IP_723703554e50588bd7a4d49de74a8e50432168ca4e8a694f5e2312e944b38b18
r_dns_a,Domain_a688f561a996f0c75b610277f9d8d1a8546faa90bb2ca9e2cf73f470d5acc4c5,IP_723703554e50588bd7a4d49de74a8e50432168ca4e8a694f5e2312e944b38b18
r_dns_a,Domain_ee82bf8fe46bd66f266c56a33a13ca5ca81a03430792a2c9bd54fc32907b13c1,IP_723703554e50588bd7a4d49de74a8e50432168ca4e8a694f5e2312e944b38b18
r_dns_a,Domain_2b3c407bc6f19ca76161492f32e1e1f05c40fb029ea1b0a8668963586f9883ec,IP_723703554e50588bd7a4d49de74a8e50432168ca4e8a694f5e2312e944b38b18
r_dns_a,Domain_38846f370532d704b70aa3b9f72b8602f3dd46416fa8c8faaf8c1529bf496fff,IP_723703554e50588bd7a4d49de74a8e50432168ca4e8a694f5e2312e944b38b18
r_dns_a,Domain_b63cd140927c3f0370a2686082a324b3875ded7175e78fddf8ed4dc7b1b8c0b0,IP_723703554e50588bd7a4d49de74a8e50432168ca4e8a694f5e2312e944b38b18
r_dns_a,Domain_7d384800c3501a6866ec079f9dffed761a36a0cf93db459732214cee6675b549,IP_723703554e50588bd7a4d49de74a8e50432168ca4e8a694f5e2312e944b38b18
r_dns_a,Domain_e30fd94d42e6ebe6bda10db820ff9ad7883f7c1befc580ee91e3d00ea403e532,IP_723703554e50588bd7a4d49de74a8e50432168ca4e8a694f5e2312e944b38b18
r_dns_a,Domain_9c39a6d19169404756efe4a3f0b054762cb308b22943a2f0f0c5619dfcdb9eb6,IP_723703554e50588bd7a4d49de74a8e50432168ca4e8a694f5e2312e944b38b18
r_dns_a,Domain_faad8b73089d0e88a140c5172ea90002ecc4181c196ba1a398338c2b14a010cd,IP_723703554e50588bd7a4d49de74a8e50432168ca4e8a694f5e2312e944b38b18
r_dns_a,Domain_6e4ba14471097d84261c679bfba46e09c2bb61babe1ae825269305b9df0b69f0,IP_723703554e50588bd7a4d49de74a8e50432168ca4e8a694f5e2312e944b38b18
r_dns_a,Domain_1cb5b21a2b78cdb76fff2f6bc4bbd53a0a50fd970a980e0f88f66d03fcb1c778,IP_723703554e50588bd7a4d49de74a8e50432168ca4e8a694f5e2312e944b38b18
r_dns_a,Domain_95976e2331d8f2c8a58c0e59a0716038e0dfcc3474d21199b1a5b77348b34d7a,IP_723703554e50588bd7a4d49de74a8e50432168ca4e8a694f5e2312e944b38b18
r_dns_a,Domain_f7b7aa6b9e67dcba3c5247280f8cb749fa7648336987e46f7923e526ab354d6b,IP_723703554e50588bd7a4d49de74a8e50432168ca4e8a694f5e2312e944b38b18
r_dns_a,Domain_ef8951f6968294f71c13d1861af684ec5d8d5ba22f29059f34b4559d76c6b796,IP_723703554e50588bd7a4d49de74a8e50432168ca4e8a694f5e2312e944b38b18
r_dns_a,Domain_643db93e25dbb2fcdb26c7b9213b7a61bade341e73194aeb1021c5426a75f8a8,IP_723703554e50588bd7a4d49de74a8e50432168ca4e8a694f5e2312e944b38b18
r_dns_a,Domain_a05a4202e0590c8390f1f60a4e1a529883e46995df5fa829570d50fed7ad571a,IP_723703554e50588bd7a4d49de74a8e50432168ca4e8a694f5e2312e944b38b18
r_dns_a,Domain_422ff1770d73fb7c3c4dcce7fb671728de647f1afd4ddfda7c153d8396e5b523,IP_723703554e50588bd7a4d49de74a8e50432168ca4e8a694f5e2312e944b38b18
r_dns_a,Domain_819328a4a8e001ba2ffd33a887801e1b738482c1a9947d4d596b7f26daad95f0,IP_723703554e50588bd7a4d49de74a8e50432168ca4e8a694f5e2312e944b38b18
r_dns_a,Domain_728a7344cc62ebef403be252a9dfa6204b03d4ec6c7efda10f2452ea64b6c2ba,IP_723703554e50588bd7a4d49de74a8e50432168ca4e8a694f5e2312e944b38b18
r_dns_a,Domain_aae089862973b452cbcc197a377b9709c225a9e5e59583dea7090e6372f343ad,IP_723703554e50588bd7a4d49de74a8e50432168ca4e8a694f5e2312e944b38b18
r_dns_a,Domain_f7757608e9019ecc1747586db911f9a209408ef3fd6d4aceeaa864687f3c108e,IP_723703554e50588bd7a4d49de74a8e50432168ca4e8a694f5e2312e944b38b18
r_dns_a,Domain_7b04dd69b5b4d376ffc8cde14a411e0cf7fd34fe2fe312d795c5adf3effdb2e6,IP_723703554e50588bd7a4d49de74a8e50432168ca4e8a694f5e2312e944b38b18
r_dns_a,Domain_83c19da91ff7a78b7586f11a3f45de8e6ed8ce98ae033354c5daee16e581b3c3,IP_723703554e50588bd7a4d49de74a8e50432168ca4e8a694f5e2312e944b38b18
r_dns_a,Domain_4851ea96479393f5215f5f526e2fd116cb76a9f20ea5d17757a0fd1726113972,IP_723703554e50588bd7a4d49de74a8e50432168ca4e8a694f5e2312e944b38b18
r_dns_a,Domain_f61ce136a85c81d8381ccf6a193658872d0c02957409ad8dbf6e702b9461a1a1,IP_723703554e50588bd7a4d49de74a8e50432168ca4e8a694f5e2312e944b38b18
r_dns_a,Domain_d10b050ea27e811ca8aa430614f2da8f86e73ec211cc49485a6beb12232e3508,IP_723703554e50588bd7a4d49de74a8e50432168ca4e8a694f5e2312e944b38b18
r_dns_a,Domain_250880fd00f6a388f03e00383c260fdd4bd4ed121e770fe38e5b3ee5eafc2b79,IP_723703554e50588bd7a4d49de74a8e50432168ca4e8a694f5e2312e944b38b18
r_dns_a,Domain_737b7d562cd2648e9eb30509e0f1d54f13275d108e0d87b1b147796255cdc4b4,IP_723703554e50588bd7a4d49de74a8e50432168ca4e8a694f5e2312e944b38b18
r_dns_a,Domain_90fe10306751a5d3a135a7ef0fecbc6c39ebf4d9d0f860b5496d5a1e14466952,IP_723703554e50588bd7a4d49de74a8e50432168ca4e8a694f5e2312e944b38b18
r_dns_a,Domain_971c93f144691b12f8d0b120902e31c361283a8cb3ad895558ab29780b2650dc,IP_723703554e50588bd7a4d49de74a8e50432168ca4e8a694f5e2312e944b38b18
r_dns_a,Domain_53ce25a269b2a200344a40b530764bcb8e13362ea4b5a5bbd783e0bd19b39895,IP_723703554e50588bd7a4d49de74a8e50432168ca4e8a694f5e2312e944b38b18
r_dns_a,Domain_858ee9afc044e9e266e78648db9e43a1e05f44ffe744955ebb7d15cced66b39d,IP_723703554e50588bd7a4d49de74a8e50432168ca4e8a694f5e2312e944b38b18
r_dns_a,Domain_ed5a3b01549d9aec07151c4d9f29b0b550a0b3e4c8d38edbc70e6d0b99eaed90,IP_723703554e50588bd7a4d49de74a8e50432168ca4e8a694f5e2312e944b38b18
r_dns_a,Domain_68cd2cbc0b7b1d504bd413f634e06852a879cb9457ce39790a94c79b8b2c8dd9,IP_723703554e50588bd7a4d49de74a8e50432168ca4e8a694f5e2312e944b38b18
r_dns_a,Domain_a5ef7b9faab4b69adb679236bcc0062deeaf721f40c49ae189eef513e4515624,IP_723703554e50588bd7a4d49de74a8e50432168ca4e8a694f5e2312e944b38b18
r_dns_a,Domain_50409aa5b9fd9173aef3b7edcb346495499bbf4b476dd097ff448d3af7cb9abf,IP_723703554e50588bd7a4d49de74a8e50432168ca4e8a694f5e2312e944b38b18
r_dns_a,Domain_2cb968ac65d72adb9a59e358d42e8775922804b730bfce8b8e60b229193d2820,IP_723703554e50588bd7a4d49de74a8e50432168ca4e8a694f5e2312e944b38b18
r_dns_a,Domain_47db80eab96646320e40dbb5989394da14a83a4e09358ba70e6921d2c9abf260,IP_723703554e50588bd7a4d49de74a8e50432168ca4e8a694f5e2312e944b38b18
r_dns_a,Domain_44e922e8597f86067d9f25b08b653a378ae390f7af67ba4af36b85b6a24792ee,IP_723703554e50588bd7a4d49de74a8e50432168ca4e8a694f5e2312e944b38b18
r_dns_a,Domain_b2366e13b4efc8fc5d8cfcbbd578b20ce1c1efa0cc366bb4f3091ef866b477bb,IP_723703554e50588bd7a4d49de74a8e50432168ca4e8a694f5e2312e944b38b18
r_dns_a,Domain_d39d579760f657fb564ec43cc78691cccc11a8b22264e568e52dd2b62ba71794,IP_723703554e50588bd7a4d49de74a8e50432168ca4e8a694f5e2312e944b38b18
r_dns_a,Domain_4f086b0782e1eade0f328365b233515c7930d2303790c375d9280470828559ac,IP_723703554e50588bd7a4d49de74a8e50432168ca4e8a694f5e2312e944b38b18
r_dns_a,Domain_20e1041170cf3665921a73c969e5765167aceb2a0e800fdd8796d64930557b85,IP_723703554e50588bd7a4d49de74a8e50432168ca4e8a694f5e2312e944b38b18
r_dns_a,Domain_19a5db64c5e07ecd8b814337761f65128397cdf7004ebb85496702a13ac73f61,IP_723703554e50588bd7a4d49de74a8e50432168ca4e8a694f5e2312e944b38b18
r_dns_a,Domain_e0212cb3334037093c59ad55adf913525e34a94c3f7aad34c4e41d7d8efe4e7b,IP_723703554e50588bd7a4d49de74a8e50432168ca4e8a694f5e2312e944b38b18
r_dns_a,Domain_665a30e0984c004867397546596af18c4bca69a3eddef5345eb6dd362ce74fbb,IP_723703554e50588bd7a4d49de74a8e50432168ca4e8a694f5e2312e944b38b18
r_dns_a,Domain_e9a045a00a7ded91aaf3c39b3c9453a56eb7eff34772d8f21e006311174823b9,IP_723703554e50588bd7a4d49de74a8e50432168ca4e8a694f5e2312e944b38b18
r_dns_a,Domain_7cf28e593f3754f835f221031551b28fb72c4c195b9906ce84e2f60d2702e886,IP_723703554e50588bd7a4d49de74a8e50432168ca4e8a694f5e2312e944b38b18
r_dns_a,Domain_5975393957365399d898755fa0697560ddee4239c505ebbd2899441a9c71a21f,IP_723703554e50588bd7a4d49de74a8e50432168ca4e8a694f5e2312e944b38b18
r_dns_a,Domain_fb221ce39e794bfc738b6359f3985edbb2d8d8e7403847bd912cfc5235f53f4e,IP_723703554e50588bd7a4d49de74a8e50432168ca4e8a694f5e2312e944b38b18
r_dns_a,Domain_da46109b4ec3592c5dc448bb94730f89c3c60e77033c545e21eb01239cff3395,IP_723703554e50588bd7a4d49de74a8e50432168ca4e8a694f5e2312e944b38b18
r_dns_a,Domain_5987cafdb0d7a4e366475a00ab0f7d2a69777a16e26a64ea23f18c13f7a0e73f,IP_723703554e50588bd7a4d49de74a8e50432168ca4e8a694f5e2312e944b38b18
r_dns_a,Domain_1fdd7df5f432fa7348f937b79830e1bc00907ae63384f0186df608f397dbc9ca,IP_723703554e50588bd7a4d49de74a8e50432168ca4e8a694f5e2312e944b38b18
r_dns_a,Domain_3ad4ea8b7df78329d0f00dfb2c04daf645fbf50418f9874fdbf11781499785d3,IP_723703554e50588bd7a4d49de74a8e50432168ca4e8a694f5e2312e944b38b18
r_dns_a,Domain_026645ee647c93e2f30b6b9daf589e1a76dbe530599516b517d6e6a2daaaa49d,IP_723703554e50588bd7a4d49de74a8e50432168ca4e8a694f5e2312e944b38b18
r_dns_a,Domain_32a9218bdcc3406727adb514eace8084f85f48b332695dac3415e4b6d14e7f2c,IP_723703554e50588bd7a4d49de74a8e50432168ca4e8a694f5e2312e944b38b18
r_dns_a,Domain_d55be8ce3710175a5edd152366fafee06a9fd54d9530485649f27d0901cd8dd8,IP_723703554e50588bd7a4d49de74a8e50432168ca4e8a694f5e2312e944b38b18
r_dns_a,Domain_176f8378380c0a574aa265be694bf4e456bafcc752adb6bf7373de711e2b80b5,IP_723703554e50588bd7a4d49de74a8e50432168ca4e8a694f5e2312e944b38b18
r_dns_a,Domain_f00b8b7d45b85631117fae7d9e3c915cba17e366e79010e8719f0a9fa193fb8b,IP_723703554e50588bd7a4d49de74a8e50432168ca4e8a694f5e2312e944b38b18
r_dns_a,Domain_59bce8a7812a29454e3c11de59ce7dbcc6fa44df1a30c7094dda8cf811e23d57,IP_723703554e50588bd7a4d49de74a8e50432168ca4e8a694f5e2312e944b38b18
r_dns_a,Domain_a80c70fb643b67fc01551d62c7d5578e4d1c99313753c34dcc2238c061fd8303,IP_723703554e50588bd7a4d49de74a8e50432168ca4e8a694f5e2312e944b38b18
r_dns_a,Domain_5ebaa0b87fa5c0aefb483257a3f186d254c23587d5b8bdf1495211e87a82fafa,IP_723703554e50588bd7a4d49de74a8e50432168ca4e8a694f5e2312e944b38b18
r_dns_a,Domain_e1c71531a1cbe097fd71a63afb6ee6477f331ecb08b84a5e134d6c655b751222,IP_723703554e50588bd7a4d49de74a8e50432168ca4e8a694f5e2312e944b38b18
r_dns_a,Domain_9aa60976dca8fae78d4a693cba9020dc7cc801f9b706c2fb91d613cca5a21796,IP_723703554e50588bd7a4d49de74a8e50432168ca4e8a694f5e2312e944b38b18
r_dns_a,Domain_b240347dd5d438968547d0f0ee8be5e320e3006c13201e59c96206a05addb5ee,IP_723703554e50588bd7a4d49de74a8e50432168ca4e8a694f5e2312e944b38b18
r_dns_a,Domain_c3b81f82d56a7a86e536522d690a06b769be22199d41f982b4e5bbc170f8c6a9,IP_723703554e50588bd7a4d49de74a8e50432168ca4e8a694f5e2312e944b38b18
r_dns_a,Domain_16f8cb374a1320d35af43cfabc9543eceea70a8e286fb70e3834c456b8c3a9f5,IP_723703554e50588bd7a4d49de74a8e50432168ca4e8a694f5e2312e944b38b18
r_dns_a,Domain_82f7fda141c12007852a84e5a3ad216cfc4f93de01ba0262caf7e1e0ddb81cd8,IP_723703554e50588bd7a4d49de74a8e50432168ca4e8a694f5e2312e944b38b18
r_dns_a,Domain_099849532138422ceb956d9b2a20ee2e8157ee67ecad43b9df920d64864004c4,IP_cea9b4c41de78fdd49b1c644cb7ce30f30204b5c2d9416bb076d37a8e63a8747
r_asn,IP_fab65ab1e5272f54f62d2aaeda1e380c4caa8d68433f768dda425f73a111c97c,ASN_f89b33c4980faa7ab6d670ac01b496af281357344676626c914b478ba2c60602
r_asn,IP_749d67481b52866c2159dbb084a290bca94e1379447bbf6513941c14504ecd2d,ASN_f89b33c4980faa7ab6d670ac01b496af281357344676626c914b478ba2c60602
r_asn,IP_4fced41f2b370dc77b38ff3d541b621da9361b4498ace700b9427b4d5d266a3d,ASN_f89b33c4980faa7ab6d670ac01b496af281357344676626c914b478ba2c60602
r_asn,IP_3be936b84454ab4693ca1254fd71e526670d90e92bbc0083aa6890669362744b,ASN_f89b33c4980faa7ab6d670ac01b496af281357344676626c914b478ba2c60602
r_asn,IP_44132949b21f7e0b4eb2e7496969d85d97d43976d9ed3c98297b6dd747caa613,ASN_f89b33c4980faa7ab6d670ac01b496af281357344676626c914b478ba2c60602
r_asn,IP_cea9b4c41de78fdd49b1c644cb7ce30f30204b5c2d9416bb076d37a8e63a8747,ASN_f89b33c4980faa7ab6d670ac01b496af281357344676626c914b478ba2c60602
r_cidr,IP_cea9b4c41de78fdd49b1c644cb7ce30f30204b5c2d9416bb076d37a8e63a8747,IP_CIDR_4f5e2d836c7046d0b87670537dfc1b6737d1fc2a609a368ab1c5df6334be81f6
r_dns_a,Domain_f9b30c6eac76dd4719ae0963348f9a8e98d9a5d89d4c95046bf2d11e3846f108,IP_cea9b4c41de78fdd49b1c644cb7ce30f30204b5c2d9416bb076d37a8e63a8747
r_dns_a,Domain_6bb4ab170fb39f4f504bc057e2a7909ae04149f7b222b5f4bba3b100bb5b1c8e,IP_cea9b4c41de78fdd49b1c644cb7ce30f30204b5c2d9416bb076d37a8e63a8747
r_dns_a,Domain_e4358b8efa275c68d0c5032da761a6eaf11befedf2c70b72878afdd6420f2968,IP_cea9b4c41de78fdd49b1c644cb7ce30f30204b5c2d9416bb076d37a8e63a8747
r_dns_a,Domain_ac9148b66af1e84e4689bf3557151a27cf0e624e7826752e936944aa22ee9886,IP_cea9b4c41de78fdd49b1c644cb7ce30f30204b5c2d9416bb076d37a8e63a8747
r_dns_a,Domain_c6fc5c44b9aedf3eca86aa55e2ba8144f94f212de986e96e038bce44e3ee480c,IP_cea9b4c41de78fdd49b1c644cb7ce30f30204b5c2d9416bb076d37a8e63a8747
r_dns_a,Domain_e510a0c1a03770510e00126c6f9038973405e720e22a85f972e87bcd5dea3c17,IP_cea9b4c41de78fdd49b1c644cb7ce30f30204b5c2d9416bb076d37a8e63a8747
r_dns_a,Domain_9163544cde4a3b174a2bed3af0b437e06ba3f2965e5ef739089e061dc2b20c5b,IP_cea9b4c41de78fdd49b1c644cb7ce30f30204b5c2d9416bb076d37a8e63a8747
r_dns_a,Domain_f529bfcdf504f471b7dba33db65e72850046c240d343a30d73fb90912fa0df61,IP_cea9b4c41de78fdd49b1c644cb7ce30f30204b5c2d9416bb076d37a8e63a8747
r_dns_a,Domain_ca6a6300f2aacdb2dd745b1e7052f0c3b081743962db7aa72a09d18c6966f439,IP_cea9b4c41de78fdd49b1c644cb7ce30f30204b5c2d9416bb076d37a8e63a8747
r_dns_a,Domain_59c98e4e465b0c58f5bf022a50f7067edcf41560675eac8191616a49a7d5e424,IP_cea9b4c41de78fdd49b1c644cb7ce30f30204b5c2d9416bb076d37a8e63a8747
r_dns_a,Domain_e857687046e04c4ae56b12492be8681f6353bfaba33b7983f96fa6c2eba4a2f0,IP_cea9b4c41de78fdd49b1c644cb7ce30f30204b5c2d9416bb076d37a8e63a8747
r_dns_a,Domain_7dee29636ecae15b64f0b62e9902539196a4f28acac4fad0d0e4b84dae23ff3d,IP_cea9b4c41de78fdd49b1c644cb7ce30f30204b5c2d9416bb076d37a8e63a8747
r_dns_a,Domain_8f1aea042132e84d652d26c17a29cdff36be8098dadac88a51a3aa1dc9426c9d,IP_cea9b4c41de78fdd49b1c644cb7ce30f30204b5c2d9416bb076d37a8e63a8747
r_dns_a,Domain_c888157bd93f86fb2b6d7c21d92bde260ae96258de240f7ec491e5c3d0dfca42,IP_cea9b4c41de78fdd49b1c644cb7ce30f30204b5c2d9416bb076d37a8e63a8747
r_dns_a,Domain_2a98f336e3d247073743506e14e6cd67ce6427977d8bb6a5a24c92bcc0fc8d8b,IP_cea9b4c41de78fdd49b1c644cb7ce30f30204b5c2d9416bb076d37a8e63a8747
r_dns_a,Domain_759ab051522aa2128c30c0b7ab48694adb3738ee50b7ad3580620dfe9c79289b,IP_cea9b4c41de78fdd49b1c644cb7ce30f30204b5c2d9416bb076d37a8e63a8747
r_dns_a,Domain_4ab81b92d4a56a657e30b91d7ab9db5656a69f27c902d86970a71d90801cbde4,IP_cea9b4c41de78fdd49b1c644cb7ce30f30204b5c2d9416bb076d37a8e63a8747
r_dns_a,Domain_6d2839398406db97e5e1e458d2d7b32c4d1e8f4150b98d46ff2001d7924f8be9,IP_cea9b4c41de78fdd49b1c644cb7ce30f30204b5c2d9416bb076d37a8e63a8747
r_dns_a,Domain_cc3595d81f2d4a6d42de492e3fa9fb31b1ad58520d93a763de03a9b75b7ede7b,IP_cea9b4c41de78fdd49b1c644cb7ce30f30204b5c2d9416bb076d37a8e63a8747
r_dns_a,Domain_6b62a23dadf5c609ba92b8846cd735c635804963d338937f7a325b0b7932c1f4,IP_cea9b4c41de78fdd49b1c644cb7ce30f30204b5c2d9416bb076d37a8e63a8747
r_dns_a,Domain_abd6b7867b7e3774652a21c8d96604908a7680e1995052ca8d7b41c5d7c0dd1a,IP_cea9b4c41de78fdd49b1c644cb7ce30f30204b5c2d9416bb076d37a8e63a8747
r_dns_a,Domain_c0e4a295a2581b73f2abeaa04a63af6fd5c904569800f1148e5803e0f48b314c,IP_cea9b4c41de78fdd49b1c644cb7ce30f30204b5c2d9416bb076d37a8e63a8747
r_dns_a,Domain_64ca4d3b527dff87a31aace99b67fda315136aa87cd95d710e7c8c26ccd054c4,IP_cea9b4c41de78fdd49b1c644cb7ce30f30204b5c2d9416bb076d37a8e63a8747
r_dns_a,Domain_86b4671d56516a0b917cb6600e8bcbbaf7f6a4a08ac00e309c7796fc1d2d36df,IP_cea9b4c41de78fdd49b1c644cb7ce30f30204b5c2d9416bb076d37a8e63a8747
r_dns_a,Domain_4264eda4fb6898758217608a5f06c40347a3abb2ba7af597874b348ec883434b,IP_cea9b4c41de78fdd49b1c644cb7ce30f30204b5c2d9416bb076d37a8e63a8747
r_dns_a,Domain_b098cec680f1e159e747a4b3ac8433ce2434bcae4cceedcf51c7792cb0e14ba8,IP_cea9b4c41de78fdd49b1c644cb7ce30f30204b5c2d9416bb076d37a8e63a8747
r_dns_a,Domain_152877dc063b75bb964cd425151dbbcf8f37485af5e7f554574579bf2a8069e7,IP_cea9b4c41de78fdd49b1c644cb7ce30f30204b5c2d9416bb076d37a8e63a8747
r_dns_a,Domain_6a9384e1ce09ca112c809136806edd3a559c2b324245197aec2ee62a99813b32,IP_cea9b4c41de78fdd49b1c644cb7ce30f30204b5c2d9416bb076d37a8e63a8747
r_dns_a,Domain_8eb26cf7bb960f575e74f3c8903928f464099704d166035218f79b295fc4c108,IP_cea9b4c41de78fdd49b1c644cb7ce30f30204b5c2d9416bb076d37a8e63a8747
r_dns_a,Domain_500dfb27e8e8e24f278705b0800c156411695b43f0a716bd5279a26753adbefc,IP_cea9b4c41de78fdd49b1c644cb7ce30f30204b5c2d9416bb076d37a8e63a8747
r_dns_a,Domain_e3e26264d8b2bc7cedef7119373828f713c1732b8ad09ba0fb7dcb11c2c01510,IP_cea9b4c41de78fdd49b1c644cb7ce30f30204b5c2d9416bb076d37a8e63a8747
r_dns_a,Domain_aa0ea86aa123bc5b947a18ea3d66aec434044346dcc3a1536fad80484f6ef8ed,IP_cea9b4c41de78fdd49b1c644cb7ce30f30204b5c2d9416bb076d37a8e63a8747
r_dns_a,Domain_94fc446b42fc794a516a39dff48d2daa845861cf0b4e5adc8435bebd92c97ce9,IP_cea9b4c41de78fdd49b1c644cb7ce30f30204b5c2d9416bb076d37a8e63a8747
r_dns_a,Domain_8e561f06f9846027f37f9ca03df0811221cb4a8b047435d84f893214e48628da,IP_cea9b4c41de78fdd49b1c644cb7ce30f30204b5c2d9416bb076d37a8e63a8747
r_dns_a,Domain_f71d9ff49720a2ce2487488bb92389b2ebf566bd0b9a8d584d3cc3c2eace476b,IP_cea9b4c41de78fdd49b1c644cb7ce30f30204b5c2d9416bb076d37a8e63a8747
r_dns_a,Domain_97d2ec5419ae4bf89f210f4a7c84ceacc0799dda97ff44cdcf57b9505d639e5b,IP_cea9b4c41de78fdd49b1c644cb7ce30f30204b5c2d9416bb076d37a8e63a8747
r_dns_a,Domain_84953bb0d5f407ddbc6845099b677653627ddcb16208c77a402f1a0681f768a4,IP_cea9b4c41de78fdd49b1c644cb7ce30f30204b5c2d9416bb076d37a8e63a8747
r_dns_a,Domain_9f6aa4af3cc4fad1841c9304a27fb612ff06982e47456e16c0c525a179b245e9,IP_cea9b4c41de78fdd49b1c644cb7ce30f30204b5c2d9416bb076d37a8e63a8747
r_dns_a,Domain_ce346ad24044a51d2f24b50f04111d5464fd9c4c3432db95cdcc2e2f9cafae42,IP_cea9b4c41de78fdd49b1c644cb7ce30f30204b5c2d9416bb076d37a8e63a8747
r_dns_a,Domain_19f8111e2310232e79cfbf03d4f04a9d109d90e43315191f6242dadc46fa0231,IP_cea9b4c41de78fdd49b1c644cb7ce30f30204b5c2d9416bb076d37a8e63a8747
r_dns_a,Domain_a651ff4d25c5c4735d2dacc537631338cfc60604aa98c0c6650be35a9ca52081,IP_cea9b4c41de78fdd49b1c644cb7ce30f30204b5c2d9416bb076d37a8e63a8747
r_dns_a,Domain_90f902c11f60fc37611e322bf6a1b7a0bb46e00f08df27eef6021e0e9385e43f,IP_cea9b4c41de78fdd49b1c644cb7ce30f30204b5c2d9416bb076d37a8e63a8747
r_dns_a,Domain_1f91dd79d03fe471fbc1d67946b63b5ef1b6df95810fa57e3eeac166a7bfab2a,IP_cea9b4c41de78fdd49b1c644cb7ce30f30204b5c2d9416bb076d37a8e63a8747
r_dns_a,Domain_2987d9e1c88878e9ed71135a64f6679e5273b41976780edb55493fe3ea3c742c,IP_cea9b4c41de78fdd49b1c644cb7ce30f30204b5c2d9416bb076d37a8e63a8747
r_dns_a,Domain_c3314fe0426d15bcd06bc77a1a6c3c2c7d8a7fc07eff728f7870f9f2a738ed62,IP_cea9b4c41de78fdd49b1c644cb7ce30f30204b5c2d9416bb076d37a8e63a8747
r_dns_a,Domain_90ace568c0606a61013399cb0a9b1bc536b8c8259f027a77201cb54f919fe2ff,IP_cea9b4c41de78fdd49b1c644cb7ce30f30204b5c2d9416bb076d37a8e63a8747
r_dns_a,Domain_1b9cf3a0ce185a624e8cf72a090eb59507d15b9f201daabcff63e8e63cdca2a0,IP_cea9b4c41de78fdd49b1c644cb7ce30f30204b5c2d9416bb076d37a8e63a8747
r_dns_a,Domain_cb2f88af4463b39660e0b4c4c174ce14c6d7518640312196ac1aa97cdff092f3,IP_cea9b4c41de78fdd49b1c644cb7ce30f30204b5c2d9416bb076d37a8e63a8747
r_dns_a,Domain_54a65de8b0df09dfcdb5609a85c5c5167c98fb489a21ce3981738f8ce6b8b8f4,IP_cea9b4c41de78fdd49b1c644cb7ce30f30204b5c2d9416bb076d37a8e63a8747
r_dns_a,Domain_c18705c7427587d5968441909d1ca460e800d7048587626b32aca58c9e99213e,IP_cea9b4c41de78fdd49b1c644cb7ce30f30204b5c2d9416bb076d37a8e63a8747
r_dns_a,Domain_815620b71f856db3055f420107babc7b84ae21bd39d24cbeea9c836927bde9ff,IP_cea9b4c41de78fdd49b1c644cb7ce30f30204b5c2d9416bb076d37a8e63a8747
r_dns_a,Domain_86ae66b85095b32095949c4e3d7de811c8f49b5cf7c4b02bf2c585e05dc97091,IP_cea9b4c41de78fdd49b1c644cb7ce30f30204b5c2d9416bb076d37a8e63a8747
r_dns_a,Domain_29a1e0761fb5bfef4e3c5186bf45a1660a4b2d1db66b9e8fa2af30288206de93,IP_cea9b4c41de78fdd49b1c644cb7ce30f30204b5c2d9416bb076d37a8e63a8747
r_dns_a,Domain_2a9a129c68492eafdb0dc19feafc9f55756b7068844cd3bfba91e244f7282363,IP_cea9b4c41de78fdd49b1c644cb7ce30f30204b5c2d9416bb076d37a8e63a8747
r_dns_a,Domain_a85b6aff2822c3ef8ba4fe2160932f889385acd75bf16b1c7b6d33de65b54fdc,IP_cea9b4c41de78fdd49b1c644cb7ce30f30204b5c2d9416bb076d37a8e63a8747
r_dns_a,Domain_570de1691b00b7cce1f1b7082c2a580cb29c6c91b2aad4d3ca096f0bd50d0013,IP_cea9b4c41de78fdd49b1c644cb7ce30f30204b5c2d9416bb076d37a8e63a8747
r_dns_a,Domain_1e409e0de13846e106f03a786f4aea1fdcd7f3de2d1253278c2fc8b795fb7860,IP_cea9b4c41de78fdd49b1c644cb7ce30f30204b5c2d9416bb076d37a8e63a8747
r_dns_a,Domain_52601c122cf42c16e0a2f52a33e602bb75e5ae88245494c516a0c31e50acda34,IP_cea9b4c41de78fdd49b1c644cb7ce30f30204b5c2d9416bb076d37a8e63a8747
r_dns_a,Domain_e70593b68556e1e4250748f63900169760f7327e20f7997ae7fd9077271cf7ed,IP_cea9b4c41de78fdd49b1c644cb7ce30f30204b5c2d9416bb076d37a8e63a8747
r_dns_a,Domain_ef2fac2d9f3503f509d203fcefa07e7e2702a430001c5cc0eb82292a9ad5af9d,IP_cea9b4c41de78fdd49b1c644cb7ce30f30204b5c2d9416bb076d37a8e63a8747
r_dns_a,Domain_11d826dc4c5b4ca8f7c8d1f2055c3d187450e97a40b600e6e5cb57c310074210,IP_cea9b4c41de78fdd49b1c644cb7ce30f30204b5c2d9416bb076d37a8e63a8747
r_dns_a,Domain_ef9131948eedea6408fc4d87695b44d47fc4a2557a61a382457450a8830d775e,IP_cea9b4c41de78fdd49b1c644cb7ce30f30204b5c2d9416bb076d37a8e63a8747
r_dns_a,Domain_2d0c6898d422d3719b1a59b9cdedf1c21b680a4f0438b71d767a75d9cad6b9cb,IP_cea9b4c41de78fdd49b1c644cb7ce30f30204b5c2d9416bb076d37a8e63a8747
r_dns_a,Domain_675797b6f89e15d1865ca66a35b6c6f5df8385d16acad081fae9cd626f9da03f,IP_cea9b4c41de78fdd49b1c644cb7ce30f30204b5c2d9416bb076d37a8e63a8747
r_dns_a,Domain_8a289e4a27159bd2bb0fdf6660c033dc2ea8e5d6f3510154fbb9905026c2dedb,IP_cea9b4c41de78fdd49b1c644cb7ce30f30204b5c2d9416bb076d37a8e63a8747
r_dns_a,Domain_1ec81621d36d2140f323564debf0bf747da170405060f8c2d02ddde2c8a37b1d,IP_cea9b4c41de78fdd49b1c644cb7ce30f30204b5c2d9416bb076d37a8e63a8747
r_dns_a,Domain_b6685f7f3846196fb93dbae90a2da1fbf5f8292a441b4a659ac34607fdce5d2e,IP_cea9b4c41de78fdd49b1c644cb7ce30f30204b5c2d9416bb076d37a8e63a8747
r_dns_a,Domain_ef955f959f51492f283282801a7b60b806c2632dc3254b72bbfdbb4fdae359cb,IP_cea9b4c41de78fdd49b1c644cb7ce30f30204b5c2d9416bb076d37a8e63a8747
r_dns_a,Domain_4a4a8075a43d6bd66527712ff2fb4a973792e91313563d47c8881ae69e81d7d6,IP_cea9b4c41de78fdd49b1c644cb7ce30f30204b5c2d9416bb076d37a8e63a8747
r_dns_a,Domain_40ec5dc3570d1a4e5bb0ef41006e057a1f4556fd09746eb70a0a082bc7e7bee8,IP_cea9b4c41de78fdd49b1c644cb7ce30f30204b5c2d9416bb076d37a8e63a8747
r_dns_a,Domain_b2e3e68cc968510c2a49dee88ea57fb3b0194762e24ddc0710f01dac05a539df,IP_cea9b4c41de78fdd49b1c644cb7ce30f30204b5c2d9416bb076d37a8e63a8747
r_dns_a,Domain_7f07a65dcaad924609baa493f40311b21f4e385632ed4de9c54af4b6906ae1e1,IP_cea9b4c41de78fdd49b1c644cb7ce30f30204b5c2d9416bb076d37a8e63a8747
r_dns_a,Domain_acf2c759f8b3e4a05ad16b2490b6b1758f433f4c672165c6ecf5fd3b5eadaeb9,IP_cea9b4c41de78fdd49b1c644cb7ce30f30204b5c2d9416bb076d37a8e63a8747
r_dns_a,Domain_864ad3c4833df9c3a5b1e6a1d49670688b712b76f6b1d8caa041eeb731a9dd2c,IP_cea9b4c41de78fdd49b1c644cb7ce30f30204b5c2d9416bb076d37a8e63a8747
r_dns_a,Domain_3e13374399548cc9ee0a3796cac8c1af8325a0ef7662dad4d7b7ec7c061ddfdd,IP_cea9b4c41de78fdd49b1c644cb7ce30f30204b5c2d9416bb076d37a8e63a8747
r_dns_a,Domain_284c77b0178d7130a28a8c5b1067b409c3de08ed232512418fcce8d9859665b9,IP_cea9b4c41de78fdd49b1c644cb7ce30f30204b5c2d9416bb076d37a8e63a8747
r_dns_a,Domain_8f8ec84485ee37a5d63740bcdd9d54ac255ed327b7f3b293f408a235cfb5af58,IP_cea9b4c41de78fdd49b1c644cb7ce30f30204b5c2d9416bb076d37a8e63a8747
r_dns_a,Domain_6f4b4ce0035aa3b8b0a5fbd4a787032510e038f1f2c46b0c558bc37b8f1e512c,IP_cea9b4c41de78fdd49b1c644cb7ce30f30204b5c2d9416bb076d37a8e63a8747
r_dns_a,Domain_b6c8303eef32c024637914e4e90adefa31b502b76c49eae9e692dad95185c9fc,IP_cea9b4c41de78fdd49b1c644cb7ce30f30204b5c2d9416bb076d37a8e63a8747
r_dns_a,Domain_f7d6c9e022188dc8889b8db1a2cc1de75e34436c6b8bf312fe571af8f6db6c88,IP_cea9b4c41de78fdd49b1c644cb7ce30f30204b5c2d9416bb076d37a8e63a8747
r_dns_a,Domain_6a277becb2e8497934f952418232094a26582ca5518a79535074020448163d92,IP_cea9b4c41de78fdd49b1c644cb7ce30f30204b5c2d9416bb076d37a8e63a8747
r_dns_a,Domain_c5df5b54602b8447800449fa4bcad889092a2f5aac3d110e07048463b336bb63,IP_cea9b4c41de78fdd49b1c644cb7ce30f30204b5c2d9416bb076d37a8e63a8747
r_dns_a,Domain_9e3cb51bc65a10f55e1ae02d64411444798d9da05495e2f9e139d268d41dc010,IP_cea9b4c41de78fdd49b1c644cb7ce30f30204b5c2d9416bb076d37a8e63a8747
r_dns_a,Domain_05626edd2a3b0f256129804eb50766f723438f3ec98a6fc028a4d268a3f5ad3d,IP_cea9b4c41de78fdd49b1c644cb7ce30f30204b5c2d9416bb076d37a8e63a8747
r_dns_a,Domain_731c1a9b348358c1b65b0cd79f1b7bd4c3cadf419196103023d6d40a98275e06,IP_cea9b4c41de78fdd49b1c644cb7ce30f30204b5c2d9416bb076d37a8e63a8747
r_dns_a,Domain_ae4bc787884c32f35fb7843dab109b06012ccd6ab1516504cd6377ae8c7ded79,IP_cea9b4c41de78fdd49b1c644cb7ce30f30204b5c2d9416bb076d37a8e63a8747
r_dns_a,Domain_2e96a0c3e01e517c5c253358dca3b6e684265ae8b9f37c360169cd94b53654b3,IP_cea9b4c41de78fdd49b1c644cb7ce30f30204b5c2d9416bb076d37a8e63a8747
r_dns_a,Domain_4c9fcffd358b6e8b9a4a37eb3e158519fffee3c76f35abeb83640ea55c47bba5,IP_cea9b4c41de78fdd49b1c644cb7ce30f30204b5c2d9416bb076d37a8e63a8747
r_dns_a,Domain_660578fd961e74ebc03758cd03a4a21bafb550ef19deba4b4a6246272518232e,IP_cea9b4c41de78fdd49b1c644cb7ce30f30204b5c2d9416bb076d37a8e63a8747
r_dns_a,Domain_46b8776552d6f4114245c512d18e8426ca5ab70c3e117219de00fbf1a8bc6e0f,IP_cea9b4c41de78fdd49b1c644cb7ce30f30204b5c2d9416bb076d37a8e63a8747
r_dns_a,Domain_a05ed0f67419ff6e675e17459eeed9aec11dd84db46895de62932e46fc15afd6,IP_cea9b4c41de78fdd49b1c644cb7ce30f30204b5c2d9416bb076d37a8e63a8747
r_dns_a,Domain_88caa6471617205fb859e7b802f87a19bbbbc192624c355adfe8094b2974e071,IP_cea9b4c41de78fdd49b1c644cb7ce30f30204b5c2d9416bb076d37a8e63a8747
r_dns_a,Domain_aae0c961919a8e4fd10d459e4e15b97b58d15255fcdd0c592fe24b47e88e829c,IP_cea9b4c41de78fdd49b1c644cb7ce30f30204b5c2d9416bb076d37a8e63a8747
r_dns_a,Domain_42158f0f68b6b46d1557e4f69416a737d9f42145dffa427d2f4da096d1f8be44,IP_cea9b4c41de78fdd49b1c644cb7ce30f30204b5c2d9416bb076d37a8e63a8747
r_dns_a,Domain_58d4836ec162765531d528ecab04e145bf9b089c54b8c0e5e08ed6e89c482aee,IP_cea9b4c41de78fdd49b1c644cb7ce30f30204b5c2d9416bb076d37a8e63a8747
r_dns_a,Domain_a60f3d7ce090596c18880df2ae6769f1a58b08f1fb070f814c3f96cf14658c66,IP_cea9b4c41de78fdd49b1c644cb7ce30f30204b5c2d9416bb076d37a8e63a8747
r_dns_a,Domain_735f95b5ab8a0944cc4f95e573219c976ea4d64c3bdf2dc58bd3a1a437386319,IP_cea9b4c41de78fdd49b1c644cb7ce30f30204b5c2d9416bb076d37a8e63a8747
r_asn,IP_2340c6a5d2bbdb6ddc747e8b070b091733358a98bda998a77ea307d5a63413cc,ASN_f89b33c4980faa7ab6d670ac01b496af281357344676626c914b478ba2c60602
r_asn,IP_2a078bce7423251fad86b1e913b7b6cc87547f7874317c99de9c194bfd745e43,ASN_f89b33c4980faa7ab6d670ac01b496af281357344676626c914b478ba2c60602
r_asn,IP_4517dda601b1eb292227eae7a4777a71a404b9cf161233790eb9c9fef33f8be6,ASN_f89b33c4980faa7ab6d670ac01b496af281357344676626c914b478ba2c60602
r_asn,IP_1a43e83afc21681c3a559221b739b854bd5ce1bcf95b24ea1b7e5c1cd5243e0b,ASN_f89b33c4980faa7ab6d670ac01b496af281357344676626c914b478ba2c60602
r_asn,IP_cb09543dc55c7cb38b49815a7b53951fecd4f6645982ba432391007b168e30be,ASN_f89b33c4980faa7ab6d670ac01b496af281357344676626c914b478ba2c60602
r_asn,IP_85affa6c2adca172b2f3fc16be073280ec74c1c46251bd7de38dfeebaef8d792,ASN_f89b33c4980faa7ab6d670ac01b496af281357344676626c914b478ba2c60602
r_asn,IP_78b53c313eefe363e15d2616b36d4f3577e2925a96f6cafd7ed78f408c63f2a8,ASN_f89b33c4980faa7ab6d670ac01b496af281357344676626c914b478ba2c60602
r_asn,IP_c47b749537a224f8ae0b7cab9189991d3110b0e0191bf8f59d35d1c635e2ca53,ASN_f89b33c4980faa7ab6d670ac01b496af281357344676626c914b478ba2c60602
r_asn,IP_1171945d4c5e39818555a99cbe6aeb30a3b2ff0d5a247519788fe6710476d31b,ASN_f89b33c4980faa7ab6d670ac01b496af281357344676626c914b478ba2c60602
r_asn,IP_19849ce1223108f899b95ce42e11b042e5fe8bef14c70a1f2d499027193f29ae,ASN_f89b33c4980faa7ab6d670ac01b496af281357344676626c914b478ba2c60602
r_asn,IP_b8d2f87bb0a2f0ac3ba47768271453e76c2ffa0c2cc5fcb08ef057dd4b1ceccc,ASN_f89b33c4980faa7ab6d670ac01b496af281357344676626c914b478ba2c60602
r_asn,IP_afb648a1bb4e693792bacdb95a5c69a921c1be78da3b2b0f4b63e94155fdca0a,ASN_f89b33c4980faa7ab6d670ac01b496af281357344676626c914b478ba2c60602
r_asn,IP_a1f224edd75b334a5d9b626145b47fcfac9a35508b8a4ec734923ad3bc4d586f,ASN_f89b33c4980faa7ab6d670ac01b496af281357344676626c914b478ba2c60602
r_asn,IP_ee1653a79e027550abb04ff09fd246854681067dab4b64689bc4e8fc458b9036,ASN_f89b33c4980faa7ab6d670ac01b496af281357344676626c914b478ba2c60602
r_asn,IP_90b6741118387dac4c53cef8be3d86ab9d2b0f687190b7f98c8460a9dd41ad17,ASN_f89b33c4980faa7ab6d670ac01b496af281357344676626c914b478ba2c60602
r_asn,IP_85cd3b959f94fb4b2701942079309c0800578de87cf2090d110a7b9609067108,ASN_f89b33c4980faa7ab6d670ac01b496af281357344676626c914b478ba2c60602
r_asn,IP_86efb978165dd20dd64b125c2a7d6a9c705a5f71dad25ab5c676eb758f6a7cd4,ASN_f89b33c4980faa7ab6d670ac01b496af281357344676626c914b478ba2c60602
r_asn,IP_535df556e6de9f1c2aa13dfc13644ec36ea3ed3f45edb0b18a21c709c53b8b38,ASN_f89b33c4980faa7ab6d670ac01b496af281357344676626c914b478ba2c60602
r_asn,IP_17c81b7550859b5db9e12263fe7a421af89cd4e579424f4bd09812a1a9d39b1a,ASN_f89b33c4980faa7ab6d670ac01b496af281357344676626c914b478ba2c60602
r_asn,IP_9a898a736eb7e7d4cb2ce3c868f60e13a0026d0c3d404d1570b89937fa9951da,ASN_f89b33c4980faa7ab6d670ac01b496af281357344676626c914b478ba2c60602
r_asn,IP_5308297bf2b5f7c12276fd554f009eb7a7d4a6d23aa313e4781de5ad78167177,ASN_f89b33c4980faa7ab6d670ac01b496af281357344676626c914b478ba2c60602
r_asn,IP_fce3bee702f27d0b6962f66b3329c18f241890b3920c289f97cc048436d25be2,ASN_f89b33c4980faa7ab6d670ac01b496af281357344676626c914b478ba2c60602
r_asn,IP_3c25c01b80d9f8d52eb5910d61957dd0e0ddee9f14f6f6280a904c3743931a53,ASN_f89b33c4980faa7ab6d670ac01b496af281357344676626c914b478ba2c60602
r_asn,IP_d407652fb3ff53dcf41c1600ac66adf7031f6cef07ab67ee2ad30f32fd83cad0,ASN_f89b33c4980faa7ab6d670ac01b496af281357344676626c914b478ba2c60602
r_asn,IP_234f9903a0c1765b4664d96614d280ef7b967492f262b46aefde3957730ad311,ASN_f89b33c4980faa7ab6d670ac01b496af281357344676626c914b478ba2c60602
r_asn,IP_d090ebb009b967b6de0b1dd22d4877283ae0fd155803edbdb21fec82a6e68be0,ASN_f89b33c4980faa7ab6d670ac01b496af281357344676626c914b478ba2c60602
r_asn,IP_d46bbcda2e42bd1bcd71ea3b74f036cbea12a8b387630160e27eeb68b5166b86,ASN_f89b33c4980faa7ab6d670ac01b496af281357344676626c914b478ba2c60602
r_asn,IP_ca5ecbc94a3c6a57e3f94c4ef5b99ec072b4d9b3f4ed0e4a5f94b6b826bed282,ASN_f89b33c4980faa7ab6d670ac01b496af281357344676626c914b478ba2c60602
r_asn,IP_9018e4db862a0a5c9adcd5586040e2428fe550858ba529e1a484a055d2ea84e3,ASN_f89b33c4980faa7ab6d670ac01b496af281357344676626c914b478ba2c60602
r_asn,IP_dca2ec53530fa5e617ae1b85a01d1a6dda14649ee6b7516bf08646ceb5b9a989,ASN_f89b33c4980faa7ab6d670ac01b496af281357344676626c914b478ba2c60602
r_asn,IP_987517dced4ea986a97e0bbd242a4e67d01829b8573abecc05b84717abb6964e,ASN_f89b33c4980faa7ab6d670ac01b496af281357344676626c914b478ba2c60602
r_asn,IP_cee72887906835234e0f8c1d80300dbb5176ad47b273c65c4247c6951c4aa6e5,ASN_f89b33c4980faa7ab6d670ac01b496af281357344676626c914b478ba2c60602
r_asn,IP_7f5c95b0129dea09a3775ec6083475c62bb8037698478e35ebf6ef49b64efd4e,ASN_f89b33c4980faa7ab6d670ac01b496af281357344676626c914b478ba2c60602
r_asn,IP_437f1f40d8fbde221da84d2e9a1fddb7d613890a60973de088dd3a3e90907d9f,ASN_f89b33c4980faa7ab6d670ac01b496af281357344676626c914b478ba2c60602
r_asn,IP_3e9d6ccb2ed6e58353669ffd80f84ff2a97f3bd784e325ed3feedf99dbfe92d7,ASN_f89b33c4980faa7ab6d670ac01b496af281357344676626c914b478ba2c60602
r_asn,IP_0379a9ab66aa8ba0f6f7e640d65c3e47088bbb29d3503fb318ae75abb28bf684,ASN_f89b33c4980faa7ab6d670ac01b496af281357344676626c914b478ba2c60602
r_asn,IP_8f321df38ab47748ac822dd24886565aba8e20304ed8fb3708f5d72e69631cf5,ASN_f89b33c4980faa7ab6d670ac01b496af281357344676626c914b478ba2c60602
r_asn,IP_03d53b9d986432edb2ba14375d3a636d2b45b88f4b79fcceab09674f0dee9a7c,ASN_f89b33c4980faa7ab6d670ac01b496af281357344676626c914b478ba2c60602
r_asn,IP_b1df03db7ac128e2e4927293667850fd09066564fa47e0f25661dbcf159f9e5d,ASN_f89b33c4980faa7ab6d670ac01b496af281357344676626c914b478ba2c60602
r_asn,IP_ba03df059ffe87272270719f0693637367c82cf4c9db94e38b22e5a7c9be6a1e,ASN_f89b33c4980faa7ab6d670ac01b496af281357344676626c914b478ba2c60602
r_asn,IP_db26ca314f304817bce31711174a8d9b7fd2fc4db944305842c09c9fc2fab143,ASN_f89b33c4980faa7ab6d670ac01b496af281357344676626c914b478ba2c60602
r_asn,IP_1e42dd38f537480a85f2c59699d8478fb5fddf9cea32995fa95d5d3729f8cfca,ASN_f89b33c4980faa7ab6d670ac01b496af281357344676626c914b478ba2c60602
r_asn,IP_469c5165167fc26ed52bbc36a421ec63f45ad1986ced2fe6fd13ac767790836f,ASN_f89b33c4980faa7ab6d670ac01b496af281357344676626c914b478ba2c60602
r_asn,IP_d87f150f44655bdb09c02526e6ecb971acf7108e65b552c020668bdbf59cb328,ASN_f89b33c4980faa7ab6d670ac01b496af281357344676626c914b478ba2c60602
r_asn,IP_ae07e5adbb9f5e3117f3f85464a02260f77edbaed7252b9e663684b293a0990e,ASN_f89b33c4980faa7ab6d670ac01b496af281357344676626c914b478ba2c60602
r_asn,IP_3937327a9f54231c71ad7ebd4ecf4ee374991faf3281e3bd927fee3e8f68136a,ASN_f89b33c4980faa7ab6d670ac01b496af281357344676626c914b478ba2c60602
r_asn,IP_a4e89361d1a5cb522ddb6f8bb362d927efcb3fd68636c59e2bfac338aae64203,ASN_f89b33c4980faa7ab6d670ac01b496af281357344676626c914b478ba2c60602
r_asn,IP_111a4357c2e054d2653c09f327af90c44cb902a6abcdef1f46941807e989397f,ASN_f89b33c4980faa7ab6d670ac01b496af281357344676626c914b478ba2c60602
r_asn,IP_2b68d6180372cfd6eece5499126577f700f3fbe05da714e981781183b34c161b,ASN_f89b33c4980faa7ab6d670ac01b496af281357344676626c914b478ba2c60602
r_asn,IP_09865a0f3f56ea2edece96bdac80a473b9ba74cf7f83861db96412fb5eeb24f7,ASN_f89b33c4980faa7ab6d670ac01b496af281357344676626c914b478ba2c60602
r_asn,IP_ae16739d3b4c2d36c9737ea6fe661bffd9bd2898d6948f478f43a851d55606b8,ASN_f89b33c4980faa7ab6d670ac01b496af281357344676626c914b478ba2c60602
r_asn,IP_c3cefb9ead8b49477e40ed7e084982ac96b7cf58f95c85f317bd54f3de6f6780,ASN_f89b33c4980faa7ab6d670ac01b496af281357344676626c914b478ba2c60602
r_asn,IP_e8fc831152d5e4e54467888ad5a15ead8edc967653918aadfcfe90035cda906d,ASN_f89b33c4980faa7ab6d670ac01b496af281357344676626c914b478ba2c60602
r_asn,IP_336ed6d015cdbe5d06cb6095e8c3efdb52495daf559798ed53ac65d3d092f405,ASN_f89b33c4980faa7ab6d670ac01b496af281357344676626c914b478ba2c60602
r_asn,IP_46e8463119a9896193cb8d9bb88609e9aaf26d5a56933179018bd7d0e7c070cc,ASN_f89b33c4980faa7ab6d670ac01b496af281357344676626c914b478ba2c60602
r_asn,IP_9baf9b27c70804b6ae55210074878c91e80449497092bc38ae2ee5a02ea79247,ASN_f89b33c4980faa7ab6d670ac01b496af281357344676626c914b478ba2c60602
r_asn,IP_d0e6c25e3196f9086f3ea95fe79f11cd67ccc06bbae0654843867261f048ed37,ASN_f89b33c4980faa7ab6d670ac01b496af281357344676626c914b478ba2c60602
r_asn,IP_3b7a265fb8961954d3953b09d241a93240fac71fc2d005f948b39861e402d313,ASN_f89b33c4980faa7ab6d670ac01b496af281357344676626c914b478ba2c60602
r_asn,IP_9c374c697c8c2bf8c34c0bacc6d2d5e4831c412a9ddd1992d2b17bc3c1141d13,ASN_f89b33c4980faa7ab6d670ac01b496af281357344676626c914b478ba2c60602
r_asn,IP_576c0e0d760b56051f640d7c2eb2a941351c27258e8cbfd8f568699b6d14f806,ASN_f89b33c4980faa7ab6d670ac01b496af281357344676626c914b478ba2c60602
r_asn,IP_eda9b2be7cfb8effa138f321c5369c4522390a69b40668700558b55176d07e8c,ASN_f89b33c4980faa7ab6d670ac01b496af281357344676626c914b478ba2c60602
r_asn,IP_ef1b7124d01f90740b9a901e8b0327229ef78e3ebfb6dc34668c6db1913166a6,ASN_f89b33c4980faa7ab6d670ac01b496af281357344676626c914b478ba2c60602
r_asn,IP_a5594348496ff0b1bbe1ff88869d23084a153baac33768d6b61f2f3ea40f9020,ASN_f89b33c4980faa7ab6d670ac01b496af281357344676626c914b478ba2c60602
r_asn,IP_928b425a2207acfc14e8b12c62ae8b9a1e1c2b764376945287bd836dd27f9dfd,ASN_f89b33c4980faa7ab6d670ac01b496af281357344676626c914b478ba2c60602
r_asn,IP_235b55e5491864b41ca191e8ace62db791792b40b29abe8f1c97a3ee82dde94d,ASN_f89b33c4980faa7ab6d670ac01b496af281357344676626c914b478ba2c60602
r_asn,IP_136f08296d4e05a9d756cdaa37c7b64de50f5061dc60acd1036c0afbc1e31ba4,ASN_f89b33c4980faa7ab6d670ac01b496af281357344676626c914b478ba2c60602
r_asn,IP_b9d34c9bd7262bab286ec0a09e9a498dbdb53e736be4a2244a8618c906747eab,ASN_f89b33c4980faa7ab6d670ac01b496af281357344676626c914b478ba2c60602
r_asn,IP_2fb552e7fa6f2f28551ab5c34a10755cac3026e8d1b928ccc410fc87ca2816c2,ASN_f89b33c4980faa7ab6d670ac01b496af281357344676626c914b478ba2c60602
r_asn,IP_6b2d8fc51b48222bddf9a5f0a04b0eb12664473162eee17f8e8a1b06d3328d46,ASN_f89b33c4980faa7ab6d670ac01b496af281357344676626c914b478ba2c60602
r_asn,IP_b26be0568433cc49f9a6cff7a7175d1b73f792ba531a4b8d679d507d8f895771,ASN_f89b33c4980faa7ab6d670ac01b496af281357344676626c914b478ba2c60602
r_asn,IP_7c8a5e801e8d0abef69e4d2d12be8d1d2bf9d23da6e8529b93b76bcee47ff82c,ASN_f89b33c4980faa7ab6d670ac01b496af281357344676626c914b478ba2c60602
r_asn,IP_b0e372a230d57dbfbf338f2f682551786cf8ba8cc92907387b77c1a38aee51be,ASN_f89b33c4980faa7ab6d670ac01b496af281357344676626c914b478ba2c60602
r_asn,IP_4f708281a358d393f645837f50be66b07314731c34993f332772b87059ee159f,ASN_f89b33c4980faa7ab6d670ac01b496af281357344676626c914b478ba2c60602
r_asn,IP_14a5bd84e1ce9f140422c3b7ac6919e6f7ece88c30d692a7c6c40acc46a5e169,ASN_f89b33c4980faa7ab6d670ac01b496af281357344676626c914b478ba2c60602
r_asn,IP_7ee9979f44c0f6a41e8bb2633b1cb62038c5c63540f786b212f69b5a95b8ee25,ASN_f89b33c4980faa7ab6d670ac01b496af281357344676626c914b478ba2c60602
r_asn,IP_5983ad2fd2d04474d65ebb1c09c72da102bcfed753db443b20a371419d8cc935,ASN_f89b33c4980faa7ab6d670ac01b496af281357344676626c914b478ba2c60602
r_asn,IP_0952216d4505bb174f577dab7d27dc014f551be2e3e39665360e33c61f9bf711,ASN_f89b33c4980faa7ab6d670ac01b496af281357344676626c914b478ba2c60602
r_asn,IP_b2324f3d3522ba9b967c4be60609ec3d2e66f2498c9ce32f3c16769c1fd5610a,ASN_f89b33c4980faa7ab6d670ac01b496af281357344676626c914b478ba2c60602
r_asn,IP_d8191cd7b1bc90ce5d9623e284c380c5c623c6c9c3dabbea70ad2447b3ab71f6,ASN_f89b33c4980faa7ab6d670ac01b496af281357344676626c914b478ba2c60602
r_asn,IP_dce1003e47b547c7ee09561f5167a701c405717aa43255d61c54576f6589dca3,ASN_f89b33c4980faa7ab6d670ac01b496af281357344676626c914b478ba2c60602
r_asn,IP_e3e2b203c21af0f532bfbbdf1efbf3495c1ea3c0e1d93a73b496e524ae188fa0,ASN_f89b33c4980faa7ab6d670ac01b496af281357344676626c914b478ba2c60602
r_asn,IP_e2854224a478fbf28e77c513e918f245efcfc4798575ac52357cfccc633da719,ASN_f89b33c4980faa7ab6d670ac01b496af281357344676626c914b478ba2c60602
r_asn,IP_cc324f73c8027349f22dbc4f6e22b2528924a98272367e0085529b61bf9e2eeb,ASN_f89b33c4980faa7ab6d670ac01b496af281357344676626c914b478ba2c60602
r_asn,IP_1029aae8f5c6294e4d35cb34d33bacede1e801b9129f7eb17d18f791efe349e9,ASN_f89b33c4980faa7ab6d670ac01b496af281357344676626c914b478ba2c60602
r_asn,IP_4ef286f623abcd0652d6671d415623ffce7afbef181d819be9ccfb2d1e98f760,ASN_f89b33c4980faa7ab6d670ac01b496af281357344676626c914b478ba2c60602
r_asn,IP_a8646e3846926e491715a5abe382d3b7930766b1099518a41aebd0b8c0e81649,ASN_f89b33c4980faa7ab6d670ac01b496af281357344676626c914b478ba2c60602
r_asn,IP_df9ee7e6166f9fe0aba3d853ca4d6aa766c44ae0adc9cae2862e5f5d7e7d7555,ASN_f89b33c4980faa7ab6d670ac01b496af281357344676626c914b478ba2c60602
r_asn,IP_a8fb9d12aaf0fc5fe4082ea9b89a9624aa810f01e52a9794ea9d578f3a949bfd,ASN_f89b33c4980faa7ab6d670ac01b496af281357344676626c914b478ba2c60602
r_asn,IP_845be4d39cbdba05757e694cd14d43495e840129ab2ab963eb97845c054f010e,ASN_f89b33c4980faa7ab6d670ac01b496af281357344676626c914b478ba2c60602
r_asn,IP_64d43aca75bec36527e9ce500561a59c16cd8c18e3e718c86daa4f63af4662bd,ASN_f89b33c4980faa7ab6d670ac01b496af281357344676626c914b478ba2c60602
r_asn,IP_d375d5c4a9dbe98f5d94d66eb0be0e12e9743a169eda6f48f3d664e438457d08,ASN_f89b33c4980faa7ab6d670ac01b496af281357344676626c914b478ba2c60602
r_asn,IP_be5da09cf7587475e11a5af887b1426d12ac4910592045d284aea27ba24af39a,ASN_f89b33c4980faa7ab6d670ac01b496af281357344676626c914b478ba2c60602
r_asn,IP_2f3abfa7740c16c515030eee24cb4e83933b8383c0828411fbd5d1bd6cfea389,ASN_f89b33c4980faa7ab6d670ac01b496af281357344676626c914b478ba2c60602
r_asn,IP_ae682859fe1105c32ce286b952f86075eb27799653e7daa0a18c68036d3684a9,ASN_f89b33c4980faa7ab6d670ac01b496af281357344676626c914b478ba2c60602
r_asn,IP_9cc4d0bb75c1ed2d5321e38175e65ed3129f856065ecf5c3a3d9d25cc9c95bcb,ASN_f89b33c4980faa7ab6d670ac01b496af281357344676626c914b478ba2c60602
r_asn,IP_3c7d538222f99f3b2ca1038d9bdadaaeab94e0280fcac68d8089c2959fd44e5b,ASN_f89b33c4980faa7ab6d670ac01b496af281357344676626c914b478ba2c60602
r_asn,IP_b731d996a1418a2156f1a5fa99cda173e0b83f12ad636dd718537fdf5ad8239d,ASN_f89b33c4980faa7ab6d670ac01b496af281357344676626c914b478ba2c60602
r_asn,IP_a06faa0fe833f519b965ad1de7a1105ba851b77a30e5be657fdb46c128d43cc5,ASN_f89b33c4980faa7ab6d670ac01b496af281357344676626c914b478ba2c60602
r_asn,IP_034de24aff7d25314a7a7b8a477b178c986979234c15193399b26006ba897bba,ASN_f89b33c4980faa7ab6d670ac01b496af281357344676626c914b478ba2c60602
r_asn,IP_1af5dcaf278beb877b3598996afbad24d1088462e97ce8eb090cb8e572edf4f6,ASN_f89b33c4980faa7ab6d670ac01b496af281357344676626c914b478ba2c60602
r_asn,IP_81ce8c0498195cc3d4c7d0140c1792d6a074f9aea402e641a9f0e2a429197014,ASN_f89b33c4980faa7ab6d670ac01b496af281357344676626c914b478ba2c60602
r_asn,IP_615a76fc9838373ffe1e8090ef22b69d55e8728f24c221aca47c621b9a2a2a10,ASN_f89b33c4980faa7ab6d670ac01b496af281357344676626c914b478ba2c60602
r_asn,IP_4b751c7d138199446a39bf5c693cc566467f24694b42ba2fc50be36359af4311,ASN_f89b33c4980faa7ab6d670ac01b496af281357344676626c914b478ba2c60602
r_cidr,IP_2fb552e7fa6f2f28551ab5c34a10755cac3026e8d1b928ccc410fc87ca2816c2,IP_CIDR_1fc8af41f75a250f657f73b451ad8b123a22262cd8d1d7f4299193dad656769e
r_asn,IP_923cc549e8b9ee6977d075b81a6a2132db556f559d53a293d718ea497d1356d8,ASN_f89b33c4980faa7ab6d670ac01b496af281357344676626c914b478ba2c60602
r_asn,IP_7201180e38974d028b077d9653a0e4cc13d9c4c11e1528fb93f835d179d5adfb,ASN_f89b33c4980faa7ab6d670ac01b496af281357344676626c914b478ba2c60602
r_asn,IP_8d5919b12b85b1066c6ef8f19e335426a61518b51d517870f873dd6d7b3f2e08,ASN_f89b33c4980faa7ab6d670ac01b496af281357344676626c914b478ba2c60602
r_subdomain,Domain_2904f2c4b48d67c59f4ca0c52d6100fcf0af9bf05e023b6c109ec767ad303be6,Domain_c3b81f82d56a7a86e536522d690a06b769be22199d41f982b4e5bbc170f8c6a9
r_cidr,IP_86efb978165dd20dd64b125c2a7d6a9c705a5f71dad25ab5c676eb758f6a7cd4,IP_CIDR_1fc8af41f75a250f657f73b451ad8b123a22262cd8d1d7f4299193dad656769e
r_cidr,IP_6b2d8fc51b48222bddf9a5f0a04b0eb12664473162eee17f8e8a1b06d3328d46,IP_CIDR_1fc8af41f75a250f657f73b451ad8b123a22262cd8d1d7f4299193dad656769e
r_asn,IP_9db1506b3c9fc922db50d7bfa9480b40b2f29622b9e5eeae8c6a2d3738ce5e46,ASN_f89b33c4980faa7ab6d670ac01b496af281357344676626c914b478ba2c60602
r_asn,IP_8925c184a1098579a085bf802814bb8434fbe88d42ca505da4b0572b861ad122,ASN_f89b33c4980faa7ab6d670ac01b496af281357344676626c914b478ba2c60602
r_asn,IP_9f63ccb74d0aa57e03aa4dffece3ce0b518c8a364bed58546de4e80b67ae642c,ASN_f89b33c4980faa7ab6d670ac01b496af281357344676626c914b478ba2c60602
r_asn,IP_f90acf908b3c198430bc482ccdb44c2ba53c983f2da13e7812cb4b1c8d5255a9,ASN_f89b33c4980faa7ab6d670ac01b496af281357344676626c914b478ba2c60602
r_asn,IP_efc3fc6e0b6e2ab440ec67be7115a8cf23e0bbad1c25cd7cf438d053aa888e68,ASN_f89b33c4980faa7ab6d670ac01b496af281357344676626c914b478ba2c60602
r_asn,IP_7141b62ca891e294800b5d5920eaa6acba64cf6ab27cea626e1fec35f3f7b0c1,ASN_f89b33c4980faa7ab6d670ac01b496af281357344676626c914b478ba2c60602
r_asn,IP_e191ff877cce08c4bd09c307c3c81b62ce393b7673cbc597135880221e65b4bf,ASN_f89b33c4980faa7ab6d670ac01b496af281357344676626c914b478ba2c60602
r_cert,Domain_071112ee850ebfc54ceaa2b4b4f76d598e42b3519b7eb4480e2ede0d588d70ea,Cert_dd89052a015fe28ea915a18c24c5a1d899e914b8e9507cfcb50247ec674dc742
r_asn,IP_ec1788036af13fc2191d1c96632a16ca7e287e9b76eaaf6fe450a2787a5edb4b,ASN_f89b33c4980faa7ab6d670ac01b496af281357344676626c914b478ba2c60602
r_subdomain,Domain_60b21e72bed3f203ee49cb77ca468d30cc7a7e38212294d6a04bef9222375837,Domain_da46109b4ec3592c5dc448bb94730f89c3c60e77033c545e21eb01239cff3395
r_dns_a,Domain_6f5f01964c63f29ef7a9ddc6646d8f6ffd58819ccde0cea76ab41a335b6966e7,IP_cea9b4c41de78fdd49b1c644cb7ce30f30204b5c2d9416bb076d37a8e63a8747
r_cert,Domain_16f8cb374a1320d35af43cfabc9543eceea70a8e286fb70e3834c456b8c3a9f5,Cert_52758694ae1913a276667417baf3f592f3bee634e6a7f4cdc023dfb92cc7d184
r_subdomain,Domain_fd0dee7a2fe0f1135167c6274f9f188a470937e7a340b46a3dce81c8649a1d7f,Domain_82f7fda141c12007852a84e5a3ad216cfc4f93de01ba0262caf7e1e0ddb81cd8
r_asn,IP_22fde1afe2d02a73274cddda9f7979824074e465f0eb61898abf0ff1a41f1fb3,ASN_f89b33c4980faa7ab6d670ac01b496af281357344676626c914b478ba2c60602
r_dns_a,Domain_0a4d3dc8f9fc1a7ac669a6e8bf22fd9e7ecdaabcfe53a79336d90b34889524c1,IP_cea9b4c41de78fdd49b1c644cb7ce30f30204b5c2d9416bb076d37a8e63a8747
r_asn,IP_388b0ae4fe6fa979a15ad91d92b4a713d1abc784b999c37e60c6e32f2a6aa9a6,ASN_f89b33c4980faa7ab6d670ac01b496af281357344676626c914b478ba2c60602
r_asn,IP_3f049e0babf2b192d77b91ad0ea684b4baf428083a3aa17f0fd53d4ccd60ac73,ASN_f89b33c4980faa7ab6d670ac01b496af281357344676626c914b478ba2c60602
r_asn,IP_2bdc11061dd8da762b01dd3007339196513e28f6a61834bd276e353898e6b2f7,ASN_f89b33c4980faa7ab6d670ac01b496af281357344676626c914b478ba2c60602
r_asn,IP_d2232fd94df508157e321cffa540c619994b75d19ade67738f977dd7ff109e0a,ASN_f89b33c4980faa7ab6d670ac01b496af281357344676626c914b478ba2c60602
r_asn,IP_3f9da729974451c41d96c6c57a2af4ba9ad1b5fac55e51afe1a15d3c9443c28e,ASN_f89b33c4980faa7ab6d670ac01b496af281357344676626c914b478ba2c60602
r_asn,IP_7bb82ba5954744e4ae03dbaaa561363ceeac070426e9b99058158304a3e927b7,ASN_f89b33c4980faa7ab6d670ac01b496af281357344676626c914b478ba2c60602
r_asn,IP_81f07616c4164ae76711e6c14cfe7d92dd38736158470d47186971f377183ae2,ASN_f89b33c4980faa7ab6d670ac01b496af281357344676626c914b478ba2c60602
r_asn,IP_ace5785f859c0dbcc0139680c43496751de1884d7108161b7a1bb95e64be0cc4,ASN_f89b33c4980faa7ab6d670ac01b496af281357344676626c914b478ba2c60602
r_whois_name,Domain_6e4ba14471097d84261c679bfba46e09c2bb61babe1ae825269305b9df0b69f0,Whois_Name_af92cf49452954853714a64b294b4be55b2f903b351fb09ce2a7a794965c0295
r_asn,IP_29593f457d1c4d4877f7aa215551b5bde11d7d78412c08c7f7d29ed292315018,ASN_f89b33c4980faa7ab6d670ac01b496af281357344676626c914b478ba2c60602
r_dns_a,Domain_1af3620ad1546a4e3a8fecada66b909a16fbd7784452c30f3330211086788139,IP_cea9b4c41de78fdd49b1c644cb7ce30f30204b5c2d9416bb076d37a8e63a8747
r_subdomain,Domain_5e678f15af8f9f18c97171377550349c43b0e33842b2f26940d41a5d2b5c88ed,Domain_a54b4383eab4c4111420d9ccbd0aa4f83846c6614f0cb7de4289a7069c40fc4f
r_cert,Domain_5e678f15af8f9f18c97171377550349c43b0e33842b2f26940d41a5d2b5c88ed,Cert_217dddd9fbd9774db98a4f31b91b2dcbd1112d79110d9e9bc10679bf94a82f1e
r_subdomain,Domain_9ac80d6816c2f5a7031860439bad4ce6ebf10ee1153932fe075fe2f266c85ec5,Domain_8938d1f6f2160204809e2fb2e59ea5951f05ac52aeca1d5206a56f159b87beee
r_subdomain,Domain_aa90131211545f3d649ee96c94406afdc377afe1f190a6486a82c06756f8955e,Domain_6b7ff8d75123f82aba5050a83d828374be20c17837b57ac81b5cb74eed1dd66e
r_cert,Domain_aa90131211545f3d649ee96c94406afdc377afe1f190a6486a82c06756f8955e,Cert_5a2d67af28f396040c570031f73a9e952612c699f78feb5fcafd0dd625e6c5fb
r_subdomain,Domain_f745cc93f66c7c64cd348f3d0e14a40682036ee5f0bfa7727a5df5dc01246abf,Domain_4745cb702da3d87a0cdc0a9f2438fdf9aac13bd3f983a661cd4659fdd9acf048
r_subdomain,Domain_6780949d1463a7c6464267f6bfafbd2fe2da4380fe1366fdda4f6d8c8fce4132,Domain_1e408547f51dd33b230cd67e823e5f5a178c37088b22b0f2cf37e2fb406dd0ba
r_subdomain,Domain_da6e2d59fcb1d600b6a1ebcba172c3cbf97ed1aaa5fbc2a11bca913a16686701,Domain_620bda430b7205b31e689b362ad1ef80644fd13f908626c1d035c0ada1dd6780
r_cert,Domain_da6e2d59fcb1d600b6a1ebcba172c3cbf97ed1aaa5fbc2a11bca913a16686701,Cert_913252896891bcb1895c29696b5402ad4ef95f42549b5be6d030c615207a3a40
r_subdomain,Domain_39f0083c900083c52311513f2c31935ba906cee75fffb053f3da7451a0301e4e,Domain_936e2a7d03d629c45ecf2b168cc79314bee3f369e135a7ffa7393d71758392c2
r_subdomain,Domain_61a9f36d8193ab4687aaf0e28a524851ef168d5624def52e5bbc063995b4dc58,Domain_2b56c477788473f361e26c9fd15e31ad8406c982a7663dfe30abfba0f53aa4c1
r_subdomain,Domain_a7268481b09db58f44f3f15e36fd57260014d59736b6b2b71ae1724dcb692466,Domain_37a8bb01f2bcbdbbdf54d07ddcbd360dcfdda21d89891b3fcb087891a29ca1aa
r_subdomain,Domain_a7268481b09db58f44f3f15e36fd57260014d59736b6b2b71ae1724dcb692466,Domain_9ccb39b0e6982f8c1460f6ae74cafa182ffae10cc2f738d3ed8da2c4284c98bd
r_subdomain,Domain_a7268481b09db58f44f3f15e36fd57260014d59736b6b2b71ae1724dcb692466,Domain_be23cf89b199dad059b5d4da5f8123c9c871dbc8c5b8f8a2a24ea7255ccc3b4f
r_whois_phone,Domain_a7268481b09db58f44f3f15e36fd57260014d59736b6b2b71ae1724dcb692466,Whois_Phone_d4e844046d099bbdd48536d0431618a45cde4f0c5593f027d8ceee11f8b9c211
r_cert,Domain_a7268481b09db58f44f3f15e36fd57260014d59736b6b2b71ae1724dcb692466,Cert_99004c62420c32b434b2fb09aef2e7d27e8122be61b4042211a6fa2b674da944
r_subdomain,Domain_1e71005c4fce6eb362fe9332ff92df45ae45cf6e2904ae530c84e2ed0ac7f898,Domain_387729fc3b11ea8540ff7bca0aecc66eaf6926fd7a79a0ded09ca3814b5af4e7
r_subdomain,Domain_1e71005c4fce6eb362fe9332ff92df45ae45cf6e2904ae530c84e2ed0ac7f898,Domain_1b00b8847ee2260d863975a4303b371d12a048f0e40cc8cbf6e540879119fbfa
r_cname,Domain_1b00b8847ee2260d863975a4303b371d12a048f0e40cc8cbf6e540879119fbfa,Domain_1e71005c4fce6eb362fe9332ff92df45ae45cf6e2904ae530c84e2ed0ac7f898
r_subdomain,Domain_e14b71c5fd841feb5c2f3e5465a14dc5f668a3d7aa3454d85e8cdd8f8fceb3a8,Domain_6dc5506b441c8427cd9d7ab3d2b93dc8da1f0d0e39de8c37d0b4941e14e31349
r_cert,Domain_e14b71c5fd841feb5c2f3e5465a14dc5f668a3d7aa3454d85e8cdd8f8fceb3a8,Cert_75177d907fef82b805bc6c5df33b8434d0a0b068ad3694eb115ff7e954f050bf
r_subdomain,Domain_f2fe51a93bfda0719d5ee29236e203a5661e7bb1ad3b34860813f7f8d17a1c7e,Domain_fc4f74c9b5c9e40b6b2ec59811f939d83ab952f7b9d6afdf776d99688df90b5f
r_cert,Domain_f2fe51a93bfda0719d5ee29236e203a5661e7bb1ad3b34860813f7f8d17a1c7e,Cert_f7429cda4ec16545699a1f670bc5b2602850d110eea2ffedbee9178eeab68188
r_subdomain,Domain_105a8dd53d75cf72832e860c86380b943a1c4eff6927be406b41ca8039b281e4,Domain_4f2ef0764af4b7b2740c7ec5838ce02a2bb334fcd245268ae8745a7a78b6af2d
r_subdomain,Domain_071112ee850ebfc54ceaa2b4b4f76d598e42b3519b7eb4480e2ede0d588d70ea,Domain_dbbe9f3a9c56aa26094706dd6f957f883ea44efafc2751966c5fb60591f30bbe
r_subdomain,Domain_eac7e139026f658915f031af6bdfd6c093ae20ec85f5c51c3027519f5ee38a35,Domain_77ef22523e1b8662221ac548fddcde399b71dd8944163afb674f9d4101e869c1
r_cert,Domain_eac7e139026f658915f031af6bdfd6c093ae20ec85f5c51c3027519f5ee38a35,Cert_59dfe0e819a3e331cf096d8f53dbf68ebdf4090af8c20c5ef4c07df918582f40
r_subdomain,Domain_b9fa24ed1619630bc117fc59b9e1c1fda479ff8abf81a8bf25e6a87bd9005916,Domain_e3c89a8a8bee259319a4b3f31e051644b5038aac2fe2809d772cf5b149d05014
r_subdomain,Domain_0943a4840e3b5df937a3999facb6390f6ea8884a017acb58e14fd55508708206,Domain_8073eb8041b54f68cf83650563c5d95cec6d972f67ae448a7d63e5da22097521
r_subdomain,Domain_c658ed10ed534953cb6ac70c29a9fb9dd88296d8d0057bd9d69e8094361ae6df,Domain_f8787838a4fff41a90f1f55f15c7aa6f13aa600d0f6889b59c47b36662a10815
r_cname,Domain_c658ed10ed534953cb6ac70c29a9fb9dd88296d8d0057bd9d69e8094361ae6df,Domain_503314984ea4caf9c5ab2a6afa7793857ebfb344a3ad759d8e24a6ba2eaac10f
r_subdomain,Domain_e57e075b4d9c1daf6b750300854b4ea3f73550abc3c5487c30255dcad1fdf68f,Domain_9b06fd65f8955d7da49e1198f15245a0c5b9476d8df39462bb179177828c0690
r_subdomain,Domain_e57e075b4d9c1daf6b750300854b4ea3f73550abc3c5487c30255dcad1fdf68f,Domain_610a8facb7b0159a85b05c3529193d9883e53cf75444cf1318c63209179a2dde
r_subdomain,Domain_e57e075b4d9c1daf6b750300854b4ea3f73550abc3c5487c30255dcad1fdf68f,Domain_b4e60ba0a96d98be089f47d7511d20377bf8bac28ddd097ecd47b7fe838071c9
r_cert,Domain_e57e075b4d9c1daf6b750300854b4ea3f73550abc3c5487c30255dcad1fdf68f,Cert_a49212aa6988ed06eef1e9a3577e018525a28451c450aa2bde171f27c0d58d89
r_subdomain,Domain_c65859b82897993f8d70a49e686a40beb203df32774b191094ae6a667a0cdd45,Domain_cfb1a38d1fe19b4004680f62e422c51351a48dd98ad4faa2c12cd9696c21907b
r_subdomain,Domain_383ebf680b47545e37079fd39ba5a5d09e532841a836fbe77e592003fcee0607,Domain_2b426205c263eb89557187a14c094a628a036361ef6767e26978258f59de4699
r_subdomain,Domain_2bd9bc76e69f27fc83db51c8d3185475c9f2bafe9afe103b2db195a48bae3e16,Domain_c9668ec41383ad044dcf71e81f18513ae0610b49e7a5837cf3fe408a47750684
r_subdomain,Domain_035cb6f714b3ca1aab7863089cc30cc4d8baf4bead4ff790f9fe93fa67702c2b,Domain_52da0a92df7de6f79d511bf5ad108b6aad059d47a7c004d64292350a4337b6b6
r_subdomain,Domain_bc36240e88f69ed9d734dd58646a42ee1af61a5a4354d19da7f39e710c13d031,Domain_ef1cf5e47a9af042555291d31824828ef7bce2982cd86e082db85701797284ef
r_subdomain,Domain_bc36240e88f69ed9d734dd58646a42ee1af61a5a4354d19da7f39e710c13d031,Domain_f07536c14e2733329e8d688a3bb4d3269c8743c6e5b9d6bc77ac9ad2b7045a27
r_subdomain,Domain_3bf9a1c02d746bf9fe7e28b8b5031d5260556d355b7055769c1198134993720f,Domain_6226791bc8f72e7ad99dec8227a594d5886d6784c481c515501a51265f4292fe
r_subdomain,Domain_51d67251d749453f2e56f6f20a196716fd139822eb9f81f74371a6553ce2d8fd,Domain_42e0d102a6a64160ffc9f9fe8cc5b85d61a5715b0a70cddc043560141a0c4ef0
r_subdomain,Domain_3a56487263277641e9f995c60376dcd134ac6daa1e8ec4e3deb4e2d32d5f12c3,Domain_f21fbf53afbad0f791613c7c06b7adf46a7cc221021464cf1f81433da2fbf4d4
r_subdomain,Domain_15252dd4776dded575283a16b51e63a67f8da1ae9f17d06b587ee18c79c41a87,Domain_b876ee279633ee682481e675376153d329dc208d015eba8bce2281ac9ca46b15
r_subdomain,Domain_1fc88cf1a6013e9c73627b8a312183c8d60a62b039c712176ac7da0b23a7a784,Domain_cb23ac4021c6264ec2ecf71def04f1ee45d95421358339c42e3405d53a4e2140
r_subdomain,Domain_1f7621932acc6afce9c7da8e121116df42494748e44433b8632bca417cb93bb2,Domain_040a9f6775ec7811667025a2f3687fb73eeb24f02ac86396383d798ac7d956a6
r_subdomain,Domain_f1c01ab1b783df0e31adefd63fd17dd4a4a02d7595a8195a7b950f508e8fdd6b,Domain_4482c4740dd35a660fa891c1e46638f89eac4c7a33a3e519debfe5f4e2012a8e
r_subdomain,Domain_93224acceba2bdb24752f9181720782850f69c8819d3518211cd6e666fc2d281,Domain_8969c0432c35a58c977ba65a441e80731eb16a39cece7690e941623ba2ae8b5f
r_subdomain,Domain_c7c8a568cf3ada95efac9a145803cb8c5b08a14c18271af59df689b772e7866e,Domain_80ef8595d673acfaaed61690f998a8f9a3cac1e7637ed7d3f71c6327273401d8
r_subdomain,Domain_a688f561a996f0c75b610277f9d8d1a8546faa90bb2ca9e2cf73f470d5acc4c5,Domain_15e29b8600b62e4f49d7b16fdc99eaaed61f161ba56eb0f0f20d5448af941f00
r_subdomain,Domain_ee82bf8fe46bd66f266c56a33a13ca5ca81a03430792a2c9bd54fc32907b13c1,Domain_d96a45df9c69ca44e939cc7b1b2bfa3854be71027b814ff99ea79fff2d80aae5
r_subdomain,Domain_38846f370532d704b70aa3b9f72b8602f3dd46416fa8c8faaf8c1529bf496fff,Domain_07933467aa185027c9b22c335e4b11dc0701ba50982e802df06d1fbd07926b11
r_cert,Domain_38846f370532d704b70aa3b9f72b8602f3dd46416fa8c8faaf8c1529bf496fff,Cert_18277b79fa45045eea550d44c3f8fd46190210d2dea715ec0ce6161e2950dcd2
r_subdomain,Domain_b63cd140927c3f0370a2686082a324b3875ded7175e78fddf8ed4dc7b1b8c0b0,Domain_f5509f98132538dce1f14e400cee2bfb751957312f3bfa3398d9a84791c941ff
r_subdomain,Domain_7d384800c3501a6866ec079f9dffed761a36a0cf93db459732214cee6675b549,Domain_1b314a08f916e0375b8e9e5033566f2841e983caaec9938950ee90d011f3d300
r_cert,Domain_7d384800c3501a6866ec079f9dffed761a36a0cf93db459732214cee6675b549,Cert_2c83e092f315108b09f376bd9353342f0ed9b8d4b25ff7f76a4188a0231fce63
r_subdomain,Domain_e30fd94d42e6ebe6bda10db820ff9ad7883f7c1befc580ee91e3d00ea403e532,Domain_9eb6024c060cac5d91bad9b9820f49484730cf42644d549be67f4f93d2136733
r_cert,Domain_e30fd94d42e6ebe6bda10db820ff9ad7883f7c1befc580ee91e3d00ea403e532,Cert_fe7554a6b7f736e695d35f835734fe21871ad991ef914b1241ae9ee0cf822280
r_subdomain,Domain_9c39a6d19169404756efe4a3f0b054762cb308b22943a2f0f0c5619dfcdb9eb6,Domain_a00ddbdd18d3c84ee602a818014b097f3161b8f20f36cf2cc56bd982c31a20a0
r_subdomain,Domain_faad8b73089d0e88a140c5172ea90002ecc4181c196ba1a398338c2b14a010cd,Domain_5643add0e9de7c0a5617f4b38b1d641cfaa52a7f67169bce9fd00b036ad66b71
r_cert,Domain_faad8b73089d0e88a140c5172ea90002ecc4181c196ba1a398338c2b14a010cd,Cert_bde570541cb4bb7a2de8ea6e3a4b0853db3e2d83e05bdf3af5d0fc413e7d90aa
r_subdomain,Domain_6e4ba14471097d84261c679bfba46e09c2bb61babe1ae825269305b9df0b69f0,Domain_5731cb0d56138054bce25ff2c8afa10f096732129d83126d950339f8211d746d
r_cert,Domain_6e4ba14471097d84261c679bfba46e09c2bb61babe1ae825269305b9df0b69f0,Cert_b34cc9e7cb4c1aebb849cf019c0e37dc978b9ebc5cfe6579f8524a6652c1224d
r_subdomain,Domain_1cb5b21a2b78cdb76fff2f6bc4bbd53a0a50fd970a980e0f88f66d03fcb1c778,Domain_2b046771c1739f8e08b164ea175c5e80620852931ebff02b16f99df54ff4303d
r_subdomain,Domain_95976e2331d8f2c8a58c0e59a0716038e0dfcc3474d21199b1a5b77348b34d7a,Domain_985609edae96aa831bc432d5f6ae278f08da890cee403cccba1c7accfc998ddc
r_whois_phone,Domain_95976e2331d8f2c8a58c0e59a0716038e0dfcc3474d21199b1a5b77348b34d7a,Whois_Phone_267995417a1c6033f9c6e0f7457d507a19cae1b5b2b6c8b3a5b52e57fdf3f889
r_cert,Domain_95976e2331d8f2c8a58c0e59a0716038e0dfcc3474d21199b1a5b77348b34d7a,Cert_d2164c0e8331642316c742b99831ea5631d8b089ba26612a94de2be9c4077417
r_subdomain,Domain_f7b7aa6b9e67dcba3c5247280f8cb749fa7648336987e46f7923e526ab354d6b,Domain_f19e13098d42100790ab5a2fcb286d9f2d63a2cce18b853229ffb3b3f0a948f8
r_subdomain,Domain_ef8951f6968294f71c13d1861af684ec5d8d5ba22f29059f34b4559d76c6b796,Domain_4a24c0ce9c2d35fd855488f30903e5a43e143ed5ed2cb33ce42e964e38640d28
r_subdomain,Domain_643db93e25dbb2fcdb26c7b9213b7a61bade341e73194aeb1021c5426a75f8a8,Domain_82b0a29a86ed8d231ae5131b5cdc70f7913a75efb6784a7067cef4d290bf1e51
r_subdomain,Domain_a05a4202e0590c8390f1f60a4e1a529883e46995df5fa829570d50fed7ad571a,Domain_ae48245f041cbfd6e5e7f0e30ab791c6ba9f76a030e379ad2df6f6d40f371875
r_subdomain,Domain_422ff1770d73fb7c3c4dcce7fb671728de647f1afd4ddfda7c153d8396e5b523,Domain_a221d4cf3eb1fa680599b4e56fa311e8c315ceb2326960dd57da18c5380cf9b9
r_subdomain,Domain_819328a4a8e001ba2ffd33a887801e1b738482c1a9947d4d596b7f26daad95f0,Domain_d99109ba1a28b404243b688679df7bc1025676ea19fd9abb2ba8eed30acead47
r_cert,Domain_819328a4a8e001ba2ffd33a887801e1b738482c1a9947d4d596b7f26daad95f0,Cert_a3262591fee21ecd448b28aeaea2917367ca77e5e90d0e89c37206a1b73bc7a2
r_subdomain,Domain_728a7344cc62ebef403be252a9dfa6204b03d4ec6c7efda10f2452ea64b6c2ba,Domain_06d22ca8320c354b403a1aafb765f59e00d768a952749e49be72344aa53041fa
r_subdomain,Domain_aae089862973b452cbcc197a377b9709c225a9e5e59583dea7090e6372f343ad,Domain_6b8c75141fb053ffa88d6255259ad5bcdf1355283f188cc553c53649472a0436
r_subdomain,Domain_f7757608e9019ecc1747586db911f9a209408ef3fd6d4aceeaa864687f3c108e,Domain_6a76c1c51d93d289d1b882e4d351fec9ebade01396ef1496e3780dbe1a703a58
r_subdomain,Domain_7b04dd69b5b4d376ffc8cde14a411e0cf7fd34fe2fe312d795c5adf3effdb2e6,Domain_a19d4789f43cb5828b0c8693fd1d8377e2d5509b897979ebfcdbdc2aa1c2e858
r_cert,Domain_7b04dd69b5b4d376ffc8cde14a411e0cf7fd34fe2fe312d795c5adf3effdb2e6,Cert_9da7a2b5d4cc292e463c9526a5e1a4fb15970bfc239ffd82feb51242ea0e9239
r_subdomain,Domain_83c19da91ff7a78b7586f11a3f45de8e6ed8ce98ae033354c5daee16e581b3c3,Domain_467b4001382c13f26f60cf4ac84f066c6c4b3ac9127e2b389599bb345ba567c4
r_subdomain,Domain_4851ea96479393f5215f5f526e2fd116cb76a9f20ea5d17757a0fd1726113972,Domain_0a35b2e3aec95f11d1b4b27f2958ed39f45ad7e6cb1ac3e2fa860ef85e992fe2
r_subdomain,Domain_f61ce136a85c81d8381ccf6a193658872d0c02957409ad8dbf6e702b9461a1a1,Domain_896ee601b2f1ecd8c8469ebe47ec110791842820661af0d45102a73efd9081ee
r_subdomain,Domain_d10b050ea27e811ca8aa430614f2da8f86e73ec211cc49485a6beb12232e3508,Domain_d3c34fa3197e6b4de7beeb66a8e24524bbda53c51c6f17f790b118788aa271ca
r_subdomain,Domain_250880fd00f6a388f03e00383c260fdd4bd4ed121e770fe38e5b3ee5eafc2b79,Domain_4140f3d878d8f2d520283e915b0d26b5d385e13b2a782ef393d6af9c6e85408e
r_cname,Domain_737b7d562cd2648e9eb30509e0f1d54f13275d108e0d87b1b147796255cdc4b4,Domain_528111cb600acb28aad097b65dc7b8e6a917f6279f14a47cb8066c91e5e7c2c3
r_subdomain,Domain_8e511e210fa1655af74b837071f4008ffe6e8968f08f39cae55ef5c775d5a421,Domain_737b7d562cd2648e9eb30509e0f1d54f13275d108e0d87b1b147796255cdc4b4
r_subdomain,Domain_90fe10306751a5d3a135a7ef0fecbc6c39ebf4d9d0f860b5496d5a1e14466952,Domain_b7755a4c3d2b51fc5bd72ff21a8488d0ad4caa8b67f8c5f0e30889c5b1dd6630
r_subdomain,Domain_971c93f144691b12f8d0b120902e31c361283a8cb3ad895558ab29780b2650dc,Domain_384d1b50c3b74c3f73c1f0afb490d0eafa3a37ccfeb9a7401854470f465375c6
r_subdomain,Domain_53ce25a269b2a200344a40b530764bcb8e13362ea4b5a5bbd783e0bd19b39895,Domain_889769808046fb1558ff33eca7ca4a47e8168b99ae7a065f9499a6074f2da69c
r_subdomain,Domain_858ee9afc044e9e266e78648db9e43a1e05f44ffe744955ebb7d15cced66b39d,Domain_2b43ea5fb307e3805d46370afa8a0cd3659c5392dc78f9efd6306695af6a1f35
r_subdomain,Domain_ed5a3b01549d9aec07151c4d9f29b0b550a0b3e4c8d38edbc70e6d0b99eaed90,Domain_f85132db1364d5431a1426772807d1b1aa013eed4823dc791273a8f9786be223
r_subdomain,Domain_68cd2cbc0b7b1d504bd413f634e06852a879cb9457ce39790a94c79b8b2c8dd9,Domain_8a8c3c748a8ed705f90217d7b1106592ca0cd9215df11ddddc53f7e27162aa23
r_cert,Domain_68cd2cbc0b7b1d504bd413f634e06852a879cb9457ce39790a94c79b8b2c8dd9,Cert_a80429a36ca752da7c545aaeadef8270fd5cdfa8d5cd849e26b2af4755aa9cc3
r_subdomain,Domain_a5ef7b9faab4b69adb679236bcc0062deeaf721f40c49ae189eef513e4515624,Domain_059dbdc86c255b311b3d95cee6fcc5cd2df286753eacf4d29a6a40e4a8a42e14
r_cert,Domain_a5ef7b9faab4b69adb679236bcc0062deeaf721f40c49ae189eef513e4515624,Cert_b8ffbe7d33729390b87c9175c322723d997dc0d46e9d4eb01c228e44c91499d1
r_subdomain,Domain_50409aa5b9fd9173aef3b7edcb346495499bbf4b476dd097ff448d3af7cb9abf,Domain_19609f548ee44633bbf383c3b1a0c3bf3cddaf2505cc79f04525d09abdb52924
r_subdomain,Domain_2cb968ac65d72adb9a59e358d42e8775922804b730bfce8b8e60b229193d2820,Domain_a71b03e8ae838388517a9342bba237066d093e9804eb389eb1a647a804dca46a
r_subdomain,Domain_2cb968ac65d72adb9a59e358d42e8775922804b730bfce8b8e60b229193d2820,Domain_eb4433efe40644883eb6d7fa446138af8978a3b305e4394ea5c25bdbf53abd91
r_cert,Domain_2cb968ac65d72adb9a59e358d42e8775922804b730bfce8b8e60b229193d2820,Cert_f47b9b6932c35288f4822e50ba27ddb9275422a01fa130cacae48f6a2591fcf8
r_subdomain,Domain_47db80eab96646320e40dbb5989394da14a83a4e09358ba70e6921d2c9abf260,Domain_cfa57438311130d1c600b89ef567f7b6df2e6f01e8c13fab86d20ff092c0ef9e
r_subdomain,Domain_44e922e8597f86067d9f25b08b653a378ae390f7af67ba4af36b85b6a24792ee,Domain_5cf8afef49e37058aab9dce3c61f8af2d7ee732a8df7da156af4f40b67744f1e
r_subdomain,Domain_b2366e13b4efc8fc5d8cfcbbd578b20ce1c1efa0cc366bb4f3091ef866b477bb,Domain_21847cd80f96b1036888675dfa1f9e062921e345eb4ff3dc4c6856be79371e0f
r_subdomain,Domain_d39d579760f657fb564ec43cc78691cccc11a8b22264e568e52dd2b62ba71794,Domain_12ff1656fe064821c6dc163ce6b17dfa839068b5253b06d79be597fa473021e1
r_subdomain,Domain_4f086b0782e1eade0f328365b233515c7930d2303790c375d9280470828559ac,Domain_5040876ae1502c3ac2e9ba0853912d2d5055cef97c6552a1510f42486b3d8893
r_cert,Domain_4f086b0782e1eade0f328365b233515c7930d2303790c375d9280470828559ac,Cert_a739f3112f7bdd2f65723572993c7b961fab39ab6c26fef1f9cf45854be84dae
r_subdomain,Domain_20e1041170cf3665921a73c969e5765167aceb2a0e800fdd8796d64930557b85,Domain_ae0399cce11b0233ab5e63670dbdb4129334022779d422467f2707dbb6598b27
r_subdomain,Domain_19a5db64c5e07ecd8b814337761f65128397cdf7004ebb85496702a13ac73f61,Domain_d40dd46aaeb00b6cdf0ec922504031549ff3fa7314a831df690b104f23b11af4
r_subdomain,Domain_e0212cb3334037093c59ad55adf913525e34a94c3f7aad34c4e41d7d8efe4e7b,Domain_56313047a2039fb482b141fa439464e3c840e3364a2483c58660ab38eaed1e22
r_subdomain,Domain_665a30e0984c004867397546596af18c4bca69a3eddef5345eb6dd362ce74fbb,Domain_8c78b15d598980c1cd559c0ef02c233aca9db38dd9a258c3040b76ac65f3339e
r_subdomain,Domain_e9a045a00a7ded91aaf3c39b3c9453a56eb7eff34772d8f21e006311174823b9,Domain_3ee61b481baf3a90a9d361cabbcb2c6918959ab040cd1c8e0b3ca96d6b788fd7
r_cert,Domain_e9a045a00a7ded91aaf3c39b3c9453a56eb7eff34772d8f21e006311174823b9,Cert_c288cef9e389434460a10fe628d65c95bfab60862a18509135ac9a28cbc2b4ec
r_subdomain,Domain_7cf28e593f3754f835f221031551b28fb72c4c195b9906ce84e2f60d2702e886,Domain_d2d2834aa2fa240b3449cf0804973ba036801cf8519edb7f877d6aadd706ceb1
r_subdomain,Domain_5975393957365399d898755fa0697560ddee4239c505ebbd2899441a9c71a21f,Domain_272002ee58a65cc087eeb1c6ca39415ff7b002b9eaf1e1b9225b38bc95b05d70
r_cert,Domain_5975393957365399d898755fa0697560ddee4239c505ebbd2899441a9c71a21f,Cert_ff94684110e2540989dd4f10fad29acfe6f825bac1c8b9605597926c70a3ad77
r_subdomain,Domain_fb221ce39e794bfc738b6359f3985edbb2d8d8e7403847bd912cfc5235f53f4e,Domain_a09e50a3180d815c257483e873fbc3fcf9803c615f1d28c90554ff500c9b1d42
r_subdomain,Domain_7bfa10cb9043b55041a7069a707df0afa9d30aebdda841e26020719e9cbb0cc0,Domain_5987cafdb0d7a4e366475a00ab0f7d2a69777a16e26a64ea23f18c13f7a0e73f
r_subdomain,Domain_1fdd7df5f432fa7348f937b79830e1bc00907ae63384f0186df608f397dbc9ca,Domain_a9edfa4659c73fed620d8e14badd1d6d59f31d9eaf34ede7f58eccc4e776433f
r_subdomain,Domain_3ad4ea8b7df78329d0f00dfb2c04daf645fbf50418f9874fdbf11781499785d3,Domain_fe2309a463fcd74f2b7c77e5559f77e54425ae4e1251a764d0097c43b7fc6b84
r_cert,Domain_3ad4ea8b7df78329d0f00dfb2c04daf645fbf50418f9874fdbf11781499785d3,Cert_b9d2923d759923304e466e138cfaa4ba290ba4a0bd1218567043755c09b0d3a8
r_subdomain,Domain_026645ee647c93e2f30b6b9daf589e1a76dbe530599516b517d6e6a2daaaa49d,Domain_32c2234d0290664249c9b6d54b512e8172578ccf55f82e0f9ed74318d85c8121
r_cert,Domain_026645ee647c93e2f30b6b9daf589e1a76dbe530599516b517d6e6a2daaaa49d,Cert_c784b0cb45d3f42732bebfdd59db4d5bfd4f8cd07247d9c9178f1cb2560f28d3
r_subdomain,Domain_7f335d63a7ac4c42d5c27e0952d48985a0dc08f654d3689d604db64c7f913544,Domain_32a9218bdcc3406727adb514eace8084f85f48b332695dac3415e4b6d14e7f2c
r_dns_a,Domain_d55be8ce3710175a5edd152366fafee06a9fd54d9530485649f27d0901cd8dd8,IP_84228f706019516e7f44711982b0c9b8eee3312ad30daf1444a1ef40d328ab89
r_subdomain,Domain_c7014fbff9e96ad783ee460d0cac1f119c91af80d0c5f6fede6e12cfb7c472ca,Domain_d55be8ce3710175a5edd152366fafee06a9fd54d9530485649f27d0901cd8dd8
r_cname,Domain_176f8378380c0a574aa265be694bf4e456bafcc752adb6bf7373de711e2b80b5,Domain_23524d2aa441e414e231a6bb783c9a875c6586c04d6244f8b43c15624f39e5e9
r_subdomain,Domain_23fe1b7243adabacc8999a5cfb9d029b3518f054c4442b308c512d9d78c07018,Domain_176f8378380c0a574aa265be694bf4e456bafcc752adb6bf7373de711e2b80b5
r_subdomain,Domain_f00b8b7d45b85631117fae7d9e3c915cba17e366e79010e8719f0a9fa193fb8b,Domain_8473c643d8c5e0280194c45228a8e49d7e669e6eff4a4bc5c2e346d9ce33ddc5
r_subdomain,Domain_f00b8b7d45b85631117fae7d9e3c915cba17e366e79010e8719f0a9fa193fb8b,Domain_a5a907f519772b366fbcf3f9e927e10e50458d01e67ba7c48c6d6de17a2f5d8d
r_cert,Domain_f00b8b7d45b85631117fae7d9e3c915cba17e366e79010e8719f0a9fa193fb8b,Cert_c288cef9e389434460a10fe628d65c95bfab60862a18509135ac9a28cbc2b4ec
r_subdomain,Domain_59bce8a7812a29454e3c11de59ce7dbcc6fa44df1a30c7094dda8cf811e23d57,Domain_b82a995a4ac20b56e1964a8f6a322612f293432042fec4ed93b26d27878ce275
r_cert,Domain_59bce8a7812a29454e3c11de59ce7dbcc6fa44df1a30c7094dda8cf811e23d57,Cert_439631c0f9287fab37a817a514df45dc1afdf942b64d72532d0ec064bca3c984
r_cname,Domain_b82a995a4ac20b56e1964a8f6a322612f293432042fec4ed93b26d27878ce275,Domain_59bce8a7812a29454e3c11de59ce7dbcc6fa44df1a30c7094dda8cf811e23d57
r_subdomain,Domain_a80c70fb643b67fc01551d62c7d5578e4d1c99313753c34dcc2238c061fd8303,Domain_5a8d2f3b7c3434c6ce5ff22a45ac81bb95fa08a00d86cc5a7413609f2ddbc280
r_cert,Domain_a80c70fb643b67fc01551d62c7d5578e4d1c99313753c34dcc2238c061fd8303,Cert_de814a0b6e7c68d9d1bceac8e70fe4cf83bf69cb03412c554245aa72b63d0bae
r_subdomain,Domain_5ebaa0b87fa5c0aefb483257a3f186d254c23587d5b8bdf1495211e87a82fafa,Domain_f6182778b73341f263e67bd593326662983d5636564b63a579a1180465699a42
r_subdomain,Domain_e1c71531a1cbe097fd71a63afb6ee6477f331ecb08b84a5e134d6c655b751222,Domain_0081443188704cc05d00505e96cd262fbc850f22426627007a40b91ee5cff6f9
r_subdomain,Domain_9aa60976dca8fae78d4a693cba9020dc7cc801f9b706c2fb91d613cca5a21796,Domain_749cf283b6604d4bc02122729df99d85a54be7d47684d5fa52cb01ede7985da6
r_cert,Domain_9aa60976dca8fae78d4a693cba9020dc7cc801f9b706c2fb91d613cca5a21796,Cert_b4d9801f60e144731f37cf21603fd4fde93fd39413c21a01f6815efbeab12203
r_subdomain,Domain_b240347dd5d438968547d0f0ee8be5e320e3006c13201e59c96206a05addb5ee,Domain_33c479bd133128350eb54377da46ab43bdbc2aa9644f84a79fa3aa6221215715
r_asn,IP_dfcab668cbae4f35277cd0dc57e2e196d6519874fde3f6fca8e404ec4b04ff46,ASN_f89b33c4980faa7ab6d670ac01b496af281357344676626c914b478ba2c60602
r_asn,IP_1bc102025a50f4b5f9d6194bbe8f85a301dcaf94978659f58088e848ebe5966a,ASN_f89b33c4980faa7ab6d670ac01b496af281357344676626c914b478ba2c60602
r_asn,IP_dd5c6a56b9ad47c7049a07d984b76dfe395098657d7c6beef2bd6c858b75b019,ASN_f89b33c4980faa7ab6d670ac01b496af281357344676626c914b478ba2c60602
r_dns_a,Domain_30685199a89f6443a495ffb9a0cdc6a5602f3741c0cacea83fd82bf5b4b9d7fe,IP_cea9b4c41de78fdd49b1c644cb7ce30f30204b5c2d9416bb076d37a8e63a8747
r_asn,IP_86355c01cc55b4b0e3c966ef145432caff492166d8053973b01d070c9a07ea1e,ASN_f89b33c4980faa7ab6d670ac01b496af281357344676626c914b478ba2c60602
r_asn,IP_076136e5399c183f174fdddd461922a8cd7d8c46dc73d9e923545994a604e85c,ASN_f89b33c4980faa7ab6d670ac01b496af281357344676626c914b478ba2c60602
r_asn,IP_e7434c8e9d20488df2ce7e4fe0af558a23f90bd1b110d48a46a3ddc36704f34e,ASN_f89b33c4980faa7ab6d670ac01b496af281357344676626c914b478ba2c60602
r_asn,IP_709f4dcfc2c81e51178a8d0fcb05b3f797d2701e55ef71ed309faa63219af16f,ASN_f89b33c4980faa7ab6d670ac01b496af281357344676626c914b478ba2c60602
r_asn,IP_c7bde7e40f4bd17e34446ad1ef54535f0878b64a99df43c68021900c6e7c8f3c,ASN_f89b33c4980faa7ab6d670ac01b496af281357344676626c914b478ba2c60602
r_asn,IP_6493f4682231d817dc75d18c600e4158d609a5d4c49193f042547aca5c695b04,ASN_f89b33c4980faa7ab6d670ac01b496af281357344676626c914b478ba2c60602
r_asn,IP_00cac1cb9c9189fa006b967467c5a4e01d288f485b7d2b86914c3326787cedf1,ASN_f89b33c4980faa7ab6d670ac01b496af281357344676626c914b478ba2c60602
r_asn,IP_df4569c0c381afb2822be72a01cfc52f691bb952c1a8aef9d6acbe897ff6b55a,ASN_f89b33c4980faa7ab6d670ac01b496af281357344676626c914b478ba2c60602
r_asn,IP_6bca3757bd501ff24afe9fcbf48696ae42db4e897a1064b0044816e547172c47,ASN_f89b33c4980faa7ab6d670ac01b496af281357344676626c914b478ba2c60602
r_asn,IP_de7efd9b0d784f981c8c0fda39f23a0619f2c203b54cdca3a0917cc0d5db5c94,ASN_f89b33c4980faa7ab6d670ac01b496af281357344676626c914b478ba2c60602
r_asn,IP_9326040c94e6bae63e880eeb3b8e9dbbc7fb96a58a2d280f6d77461a88132e48,ASN_f89b33c4980faa7ab6d670ac01b496af281357344676626c914b478ba2c60602
r_asn,IP_567702715c3e8377ef2b8b63d5677f4b10713f88c4104ac57c0346059b5f9b55,ASN_f89b33c4980faa7ab6d670ac01b496af281357344676626c914b478ba2c60602
r_asn,IP_b2df0728491b449e81d2c247f2aa572f99d83293fa4a5cbdac9cf6cbf71558b7,ASN_f89b33c4980faa7ab6d670ac01b496af281357344676626c914b478ba2c60602
r_asn,IP_3337f434c681b53ef3b3e236547e5c8d3235dfd67aa66e38187336613de0ae92,ASN_f89b33c4980faa7ab6d670ac01b496af281357344676626c914b478ba2c60602
r_asn,IP_157c39d997c91eeb69016eeb35ae05e2a87298f2876c223acf386985343d7ca7,ASN_f89b33c4980faa7ab6d670ac01b496af281357344676626c914b478ba2c60602
r_asn,IP_98ee6815b3f4f6db82041a63b0a500db1c2097021f465f15c62d43f1f91a7aed,ASN_f89b33c4980faa7ab6d670ac01b496af281357344676626c914b478ba2c60602
r_asn,IP_287364cf7f846618e866669d0a7d35d1af5c379cd553853a9cd3173de5c5d526,ASN_f89b33c4980faa7ab6d670ac01b496af281357344676626c914b478ba2c60602
r_asn,IP_4ccc48d80a10859a6df6c3905f1bd8d03ce5291c883329a29e541f31af5dbb35,ASN_f89b33c4980faa7ab6d670ac01b496af281357344676626c914b478ba2c60602
r_asn,IP_69777c97a4f1594e99b9a7c5e6dba0d86f5b4f345d402542eac30ab017f064fa,ASN_f89b33c4980faa7ab6d670ac01b496af281357344676626c914b478ba2c60602
r_asn,IP_3b9699bb04108d7257dedd41c7f08fbe1749fa0a35f468048060f985bc313042,ASN_f89b33c4980faa7ab6d670ac01b496af281357344676626c914b478ba2c60602
r_asn,IP_437e595289023576a510822d4014e2ee42a645819265b31a57e663f4aaa903eb,ASN_f89b33c4980faa7ab6d670ac01b496af281357344676626c914b478ba2c60602
r_asn,IP_9fc072a10b0cd3e5fc6124ce01ecc1cc279b9e8f599026a13a652daedd8c629c,ASN_f89b33c4980faa7ab6d670ac01b496af281357344676626c914b478ba2c60602
r_asn,IP_db8ee71b2f19ec43a388c2bcfc129729cd7987cc581a31d6af0e04127bce2e2d,ASN_f89b33c4980faa7ab6d670ac01b496af281357344676626c914b478ba2c60602
r_asn,IP_2e48793ce156464366dac9c28b261300ca8d3f9e825d2bcda220700986f4c974,ASN_f89b33c4980faa7ab6d670ac01b496af281357344676626c914b478ba2c60602
r_asn,IP_edc90d3d0d806abd72c22a0bcf87dbdaa2294f9ceac3f076716366a2ce6f5d31,ASN_f89b33c4980faa7ab6d670ac01b496af281357344676626c914b478ba2c60602
r_asn,IP_faa3005d0bc504e4520c19639e33093210c18dc7197c0e0b0dd6071360cb7297,ASN_f89b33c4980faa7ab6d670ac01b496af281357344676626c914b478ba2c60602
r_asn,IP_e57e0a7deacd087dc2712287d7906cc55cfb607a81cdfe9813cfc0315d36c78d,ASN_f89b33c4980faa7ab6d670ac01b496af281357344676626c914b478ba2c60602
r_dns_a,Domain_67a6d7d9919dc4c646ffc30e98251fb48d7c34be4e79da625d634eef57c0bbd1,IP_cea9b4c41de78fdd49b1c644cb7ce30f30204b5c2d9416bb076d37a8e63a8747
r_dns_a,Domain_bd3f3f450995890bad46937a85b2c99dd0d8c6e6f67403f0e729294071a540fc,IP_cea9b4c41de78fdd49b1c644cb7ce30f30204b5c2d9416bb076d37a8e63a8747
r_dns_a,Domain_25fe3ba205be327c62a4ccc0c96ff23d7f98babe8f330786f0aae7c1a7f912b1,IP_cea9b4c41de78fdd49b1c644cb7ce30f30204b5c2d9416bb076d37a8e63a8747
r_asn,IP_04f306021d4892dc1e739df9f88c97a77980642353b97d087322648746b2207e,ASN_f89b33c4980faa7ab6d670ac01b496af281357344676626c914b478ba2c60602
r_asn,IP_3e4db6007ec542f9793f86c0aa415c3b57c786d40c851431b5c96a4eaeac486c,ASN_f89b33c4980faa7ab6d670ac01b496af281357344676626c914b478ba2c60602
r_asn,IP_ff9c80bb919b26d125488e48f7e908627eb40234bc75f65d305ab620214e5758,ASN_f89b33c4980faa7ab6d670ac01b496af281357344676626c914b478ba2c60602
r_asn,IP_17625a08c5c596d1c6025a0eccac1f82dcaff788aebc71d7021b86380f8f0990,ASN_f89b33c4980faa7ab6d670ac01b496af281357344676626c914b478ba2c60602
r_asn,IP_d9d58a230d42746881ae04602de47d3991b2a7c7903afdb7af8a9afdc0a9ddbb,ASN_f89b33c4980faa7ab6d670ac01b496af281357344676626c914b478ba2c60602
r_asn,IP_e6346506092587885c97abbc1e50589b6d99ef60f77f3bb5447a306b4495557d,ASN_f89b33c4980faa7ab6d670ac01b496af281357344676626c914b478ba2c60602
r_asn,IP_9ea517af7d12b41599a4bedea8f1c6febcd24e523ede7b84cbc553bc7e0a0525,ASN_f89b33c4980faa7ab6d670ac01b496af281357344676626c914b478ba2c60602
r_asn,IP_35d20e7a4b5741f1b63b967adbbc59b8ceb22a9079121723f54c0c79afbf4200,ASN_f89b33c4980faa7ab6d670ac01b496af281357344676626c914b478ba2c60602
r_asn,IP_1d25baaa0b1dfb2d3e41c574b6e569dacc566e8a983def00926f83fb18f4b461,ASN_f89b33c4980faa7ab6d670ac01b496af281357344676626c914b478ba2c60602
r_asn,IP_5896f2a418d1648644ab8503905d5b78fbf95af3b6f623b5e15c4330021163f5,ASN_f89b33c4980faa7ab6d670ac01b496af281357344676626c914b478ba2c60602
r_asn,IP_7302fc03f5c2cdd4bc34113bee2908efb72b13fde06561498114fa5e0ca029fd,ASN_f89b33c4980faa7ab6d670ac01b496af281357344676626c914b478ba2c60602
r_asn,IP_fc74921677903fb61e1e1ca98a40575f8beea3258dec35b0802d90e02bf94cb5,ASN_f89b33c4980faa7ab6d670ac01b496af281357344676626c914b478ba2c60602
r_asn,IP_705da5107779302ff25a524e8a5a5796fb75facf6be08d1f6acbbb8ed2bd73dd,ASN_f89b33c4980faa7ab6d670ac01b496af281357344676626c914b478ba2c60602
r_asn,IP_576c384578e45aaf580a0772e129e5ea11f57789e82a6f7a021a060568a19e38,ASN_f89b33c4980faa7ab6d670ac01b496af281357344676626c914b478ba2c60602
r_asn,IP_bcf37b7c2bb136ff40c01c6f9198440b9a52b2462d94ff98cc1b2e275b487393,ASN_f89b33c4980faa7ab6d670ac01b496af281357344676626c914b478ba2c60602
r_asn,IP_61c5b17f6a23d076b92f56c18c1619bd402e8fa2f5690b954b8fc58d63963ce2,ASN_f89b33c4980faa7ab6d670ac01b496af281357344676626c914b478ba2c60602
r_asn,IP_b2104f4a8e2a84371e4f2c2ecb3605449fccf95a4a7b07e2cdbc860174b17ff8,ASN_f89b33c4980faa7ab6d670ac01b496af281357344676626c914b478ba2c60602
r_asn,IP_37fedec6dce7816d8a1fbb4bd4dd064b64136d1fcc289712822af5f2caa85918,ASN_f89b33c4980faa7ab6d670ac01b496af281357344676626c914b478ba2c60602
r_asn,IP_ddd591485c7a7b7975d8c5b1ededf52a8e1cf41b4203b66cabfd24f1360b86d6,ASN_f89b33c4980faa7ab6d670ac01b496af281357344676626c914b478ba2c60602
r_asn,IP_fd976107ef03192955a0931766d59a26389a1e0276c17bf96c2a730e8e9335bf,ASN_f89b33c4980faa7ab6d670ac01b496af281357344676626c914b478ba2c60602
r_asn,IP_fd480aa10c6468791b97afff7b5e0a47a76f8b7bcd26a5d68b250dde5cfa0038,ASN_f89b33c4980faa7ab6d670ac01b496af281357344676626c914b478ba2c60602
r_asn,IP_dd5e4bf2f1a7b167b07c415d6f4704a107f6be243fe2a828aad86e0408be68bc,ASN_f89b33c4980faa7ab6d670ac01b496af281357344676626c914b478ba2c60602
r_asn,IP_4dc8c334a29014e431c1087ad64f6a50656730c6fd2c5b05b2a21c1e9e1b9203,ASN_f89b33c4980faa7ab6d670ac01b496af281357344676626c914b478ba2c60602
r_asn,IP_5a88dd2f8980d7af3269f8b046ecdc2ca0e85fcec9442eeb765d5ac1df9e208c,ASN_f89b33c4980faa7ab6d670ac01b496af281357344676626c914b478ba2c60602
r_asn,IP_93e532bbbb4037c511abc590b5925f9bf50773dd65d81833de5e176e3b7912eb,ASN_f89b33c4980faa7ab6d670ac01b496af281357344676626c914b478ba2c60602
r_asn,IP_6c8c21ee6b3dd8048ee5d71230a792a2b5595cc6eadde969520950aeff2c5305,ASN_f89b33c4980faa7ab6d670ac01b496af281357344676626c914b478ba2c60602
r_asn,IP_4a89ee3ed204a59148f716949c0b2393bd65a8f4ab4bb2d4dc9ee2d53b7847be,ASN_f89b33c4980faa7ab6d670ac01b496af281357344676626c914b478ba2c60602
r_asn,IP_4850cfc376e580401a39d498ccdedd7812fdc9ae1a980858ad7bd9a3cf5e0cf9,ASN_f89b33c4980faa7ab6d670ac01b496af281357344676626c914b478ba2c60602
r_asn,IP_42facef9730cf0d27a6c1b26deb202d8ee3f6e7406a76b5d87ead9fd0b8d910b,ASN_f89b33c4980faa7ab6d670ac01b496af281357344676626c914b478ba2c60602
r_asn,IP_4c3c45358186c2cad832a30c304f83d2e269e50fdf8b34b142ec3051417848c7,ASN_f89b33c4980faa7ab6d670ac01b496af281357344676626c914b478ba2c60602
r_asn,IP_702cd37968bbf0bb553a9a78f75b004226ea6402b74ad3a4162983d0884e3879,ASN_f89b33c4980faa7ab6d670ac01b496af281357344676626c914b478ba2c60602
r_asn,IP_a32a9147ae5ec84ff8fca97dc610c7e5d24b4b7b24964a3e14088e78b8025c28,ASN_f89b33c4980faa7ab6d670ac01b496af281357344676626c914b478ba2c60602
r_asn,IP_c123cb7bb7664d873b4909e2a93bf490274e9dd9f0677f90d17a827485017492,ASN_f89b33c4980faa7ab6d670ac01b496af281357344676626c914b478ba2c60602
r_asn,IP_a385da37e922a4a170ce60c0ba6d13fb5e26e7173e3dee5ffc246548ea013984,ASN_f89b33c4980faa7ab6d670ac01b496af281357344676626c914b478ba2c60602
r_asn,IP_cd9b6e772eca5442802a9a7e2455a3f0b1299b0bbbc48fcc70ca33e9411c3224,ASN_f89b33c4980faa7ab6d670ac01b496af281357344676626c914b478ba2c60602
r_asn,IP_306f7fbef8700a36f754145f5c1e90086cd3f81c8dd9b43105ecd816e2f3318f,ASN_f89b33c4980faa7ab6d670ac01b496af281357344676626c914b478ba2c60602
r_asn,IP_d023dc371e1b51dd95836a81bd801e7836612eb80faa59f04c05e6a173a38a29,ASN_f89b33c4980faa7ab6d670ac01b496af281357344676626c914b478ba2c60602
r_asn,IP_015c9cb9d358f576b28a72c75eb5a73e36f2419ee2dadde9ca8fac5acdc04771,ASN_f89b33c4980faa7ab6d670ac01b496af281357344676626c914b478ba2c60602
r_asn,IP_9f351da93cf4595bfe3ce976d142ff61a71be6c5ea3f12f2f8560874cd55d8f3,ASN_f89b33c4980faa7ab6d670ac01b496af281357344676626c914b478ba2c60602
r_asn,IP_356ae098bb69af4b31cb0e523f7bf1d13cd38842dceedbfd44af680334e8dfed,ASN_f89b33c4980faa7ab6d670ac01b496af281357344676626c914b478ba2c60602
r_subdomain,Domain_22756a9a2ab806e2e4b37f664d91f7baa53b6f0c3a301c9e43b40f40fb8bcfad,Domain_16f8cb374a1320d35af43cfabc9543eceea70a8e286fb70e3834c456b8c3a9f5
r_asn,IP_165a4fa56a84eb0d8143b7d09d6a2e36bdc8555e3fbc85308909c94e0e8cd9c8,ASN_f89b33c4980faa7ab6d670ac01b496af281357344676626c914b478ba2c60602
r_asn,IP_232f2090f1907840432037984f918a93def9b1abfba163c21daa4ea50cf0e778,ASN_f89b33c4980faa7ab6d670ac01b496af281357344676626c914b478ba2c60602
r_dns_a,Domain_8023c074b7a5b8fd73497c8a4dcbb51a5e61ed2edb5282c3e8f363beca1dbde9,IP_cea9b4c41de78fdd49b1c644cb7ce30f30204b5c2d9416bb076d37a8e63a8747
r_dns_a,Domain_b9e5d6e4cfd1442efbdbd51f67730e717c1bd7fdac5facbb92b581294c2e9c2a,IP_cea9b4c41de78fdd49b1c644cb7ce30f30204b5c2d9416bb076d37a8e63a8747
