['r_cert'],['Domain_3063a0302039d8eefbfba6d41d1d123e3344661a9038f40859d0c859d22cf528'],['Cert_9ace6aae20e3ac6d9ebfae8938b91112460b27ad204cf11f1301f154c5d309a4'],1,1
['r_cert'],['Domain_28d26091ef22a5472607d2d3d29db879fd5ee60b4d2bf5709e5c5165c56fa1c8'],['Cert_9ace6aae20e3ac6d9ebfae8938b91112460b27ad204cf11f1301f154c5d309a4'],1,1
['r_cert'],['Domain_513cc143f598864d825b5352742c85d0e325baa5917efce7b3df69753badd443'],['Cert_9ace6aae20e3ac6d9ebfae8938b91112460b27ad204cf11f1301f154c5d309a4'],1,1
['r_cert_chain'],['Cert_9ace6aae20e3ac6d9ebfae8938b91112460b27ad204cf11f1301f154c5d309a4'],['Cert_a91593a45b6eceaae2a0478cc243543184d325720bc3f19f91982450b6af57e2'],3,1
['r_cert_chain'],['Cert_9ace6aae20e3ac6d9ebfae8938b91112460b27ad204cf11f1301f154c5d309a4'],['Cert_a91593a45b6eceaae2a0478cc243543184d325720bc3f19f91982450b6af57e2'],3,1
['r_cert'],['Domain_e10bd6bd62a5e3e0e14a2dd74b0b875a2ad24a6e04d4db341ce5ac94c7e1c3a4'],['Cert_9ace6aae20e3ac6d9ebfae8938b91112460b27ad204cf11f1301f154c5d309a4'],1,2
['r_cert'],['Domain_34a6231f101fdfa2b051beaa4b94d463fe5f9f42b7789bbe60f6fd4c292ee7ac'],['Cert_9ace6aae20e3ac6d9ebfae8938b91112460b27ad204cf11f1301f154c5d309a4'],1,2
['r_cert'],['Domain_5052db3f33d5337ab631025f7d5de3c5ac559edb2c40deda5530c0051f39b1e2'],['Cert_9ace6aae20e3ac6d9ebfae8938b91112460b27ad204cf11f1301f154c5d309a4'],1,2
['r_cert'],['Domain_d3d0abc4c07c370e8c7413efd154a05a602e5e209ae942850345b2ac56fddbcc'],['Cert_9ace6aae20e3ac6d9ebfae8938b91112460b27ad204cf11f1301f154c5d309a4'],1,2
['r_cert'],['Domain_6f51b90ab3ab80b45407724da4f21428fc679ab578242223ba6be8020bd6b2c0'],['Cert_9ace6aae20e3ac6d9ebfae8938b91112460b27ad204cf11f1301f154c5d309a4'],1,2
['r_cert'],['Domain_82f43df57405272b620a87c326972caba7ed9654bfbdb2ec96a6261e1e81a29f'],['Cert_9ace6aae20e3ac6d9ebfae8938b91112460b27ad204cf11f1301f154c5d309a4'],1,2
['r_cert'],['Domain_c6fb2192fe6ba2de0f1258c168f34382df63658359ee831bbda9f669db2e0499'],['Cert_9ace6aae20e3ac6d9ebfae8938b91112460b27ad204cf11f1301f154c5d309a4'],1,2
['r_cert'],['Domain_47e5873650de508c8d9a8cdeef87c5a5536decc8b49ed2b0ff09e9b58c04dd26'],['Cert_9ace6aae20e3ac6d9ebfae8938b91112460b27ad204cf11f1301f154c5d309a4'],1,2
['r_cert'],['Domain_450b9ec5e6e3dcdb500838823cdc4a706802791bcbcc9f316c6bb14c86412c24'],['Cert_9ace6aae20e3ac6d9ebfae8938b91112460b27ad204cf11f1301f154c5d309a4'],1,2
['r_cert'],['Domain_765050be51cb547a0fef3e431e3779f65f484bded3d9b8767820fcb8d3932c17'],['Cert_9ace6aae20e3ac6d9ebfae8938b91112460b27ad204cf11f1301f154c5d309a4'],1,2
['r_cert'],['Domain_82a61c370a447487d11c85e11ace07a54bfa04043ecaeab8afacdad99af374c9'],['Cert_9ace6aae20e3ac6d9ebfae8938b91112460b27ad204cf11f1301f154c5d309a4'],1,2
['r_cert'],['Domain_63eee77050aefb4cc1b408efe1b3b40762dcb7cee00a27f097423b8c6793ffd1'],['Cert_9ace6aae20e3ac6d9ebfae8938b91112460b27ad204cf11f1301f154c5d309a4'],1,2
['r_cert'],['Domain_cc61e9c547bbff352fbc928eabf1a7aa748d19e1243008a601acde97dcd19774'],['Cert_9ace6aae20e3ac6d9ebfae8938b91112460b27ad204cf11f1301f154c5d309a4'],1,2
['r_cert'],['Domain_66268c7015b145a22ec7a0c137cbc3d3a3908c22a0966942faa910eb117d1caf'],['Cert_9ace6aae20e3ac6d9ebfae8938b91112460b27ad204cf11f1301f154c5d309a4'],1,2
['r_cert'],['Domain_bf376c62a482f81a24a83853c7e361987a0cc648b08a5e25cf23f6cbece88870'],['Cert_9ace6aae20e3ac6d9ebfae8938b91112460b27ad204cf11f1301f154c5d309a4'],1,2
['r_cert'],['Domain_5e1aa4219cb4fcadcb9b611d1054784e375cc75a28aebf491752a73b380b4beb'],['Cert_9ace6aae20e3ac6d9ebfae8938b91112460b27ad204cf11f1301f154c5d309a4'],1,2
['r_cert'],['Domain_583cf20362c27583fec209199347ddf9f2261500f266f4e9fc645efa613e0c3c'],['Cert_9ace6aae20e3ac6d9ebfae8938b91112460b27ad204cf11f1301f154c5d309a4'],1,2
['r_cert'],['Domain_02b41c73282112d4b58d00eb6aefb32b1cfd05606ac65a65a2542bf77d2a7684'],['Cert_9ace6aae20e3ac6d9ebfae8938b91112460b27ad204cf11f1301f154c5d309a4'],1,2
['r_cert'],['Domain_976ca7ce8c203dc49cbc7205374c9d33265cf5b2b7f14f8e53d6773231d7dbc1'],['Cert_9ace6aae20e3ac6d9ebfae8938b91112460b27ad204cf11f1301f154c5d309a4'],1,2
['r_cert'],['Domain_a6ce4527281e02be81b6c005f4869b5b922d9c9cafe43bcca49e08f655cd66d5'],['Cert_9ace6aae20e3ac6d9ebfae8938b91112460b27ad204cf11f1301f154c5d309a4'],1,2
['r_cert'],['Domain_2fa18b3a77599af570f00d9b5295ae71859899639b55f585971187a2bfb3d6f5'],['Cert_9ace6aae20e3ac6d9ebfae8938b91112460b27ad204cf11f1301f154c5d309a4'],1,2
['r_cert'],['Domain_b12be23dcf9939073da32a0d7837b54168e5d7d4ce54c235be39fa5f0e5589bc'],['Cert_9ace6aae20e3ac6d9ebfae8938b91112460b27ad204cf11f1301f154c5d309a4'],1,2
['r_cert'],['Domain_c392b775979382685fc47e18d0191213b6d14c29ee8dd641b61b1230cc643ed2'],['Cert_9ace6aae20e3ac6d9ebfae8938b91112460b27ad204cf11f1301f154c5d309a4'],1,2
['r_cert'],['Domain_a3322584eaabc2faa2f1da0873b04b4c9333f2553ef2537f6f2d80410790bd71'],['Cert_9ace6aae20e3ac6d9ebfae8938b91112460b27ad204cf11f1301f154c5d309a4'],1,2
['r_cert'],['Domain_d78280b1796c36c311221a190d2088e09f520a2fc6f993f2c3f63ff825277792'],['Cert_9ace6aae20e3ac6d9ebfae8938b91112460b27ad204cf11f1301f154c5d309a4'],1,2
['r_cert'],['Domain_fdab3c811678568ce3e9af6a5f8e35eb9969be3cd6a07e78f0fc20e01274836c'],['Cert_9ace6aae20e3ac6d9ebfae8938b91112460b27ad204cf11f1301f154c5d309a4'],1,2
['r_cert'],['Domain_60fcd06e63ab65c71570ac27e64bc41e63f0dcc4c27a593780401d6ae9118847'],['Cert_9ace6aae20e3ac6d9ebfae8938b91112460b27ad204cf11f1301f154c5d309a4'],1,2
['r_cert'],['Domain_eb890ee74292f23e4dfbfe29facbb92a9b4a0aa40cb85886bb2df9901e9f587b'],['Cert_9ace6aae20e3ac6d9ebfae8938b91112460b27ad204cf11f1301f154c5d309a4'],1,2
['r_cert'],['Domain_3a4c7224c452261e97018919e721c3014813ab667a3221d7ac726afe0b8e385a'],['Cert_9ace6aae20e3ac6d9ebfae8938b91112460b27ad204cf11f1301f154c5d309a4'],1,2
['r_cert'],['Domain_d661a5b8dd62bfa8b20847bb5ff70368c371079b849b10edd9a2443296956c28'],['Cert_9ace6aae20e3ac6d9ebfae8938b91112460b27ad204cf11f1301f154c5d309a4'],1,2
['r_cert'],['Domain_e9906a199dc5060fd8673b70cf1b7e7ffc4aa318fca6c6a8bf7d654e0447e3b1'],['Cert_9ace6aae20e3ac6d9ebfae8938b91112460b27ad204cf11f1301f154c5d309a4'],1,2
['r_cert'],['Domain_951a32c0f3cd497917d458275079e1d0c50bddd60914a4c039e4377236bff128'],['Cert_9ace6aae20e3ac6d9ebfae8938b91112460b27ad204cf11f1301f154c5d309a4'],1,2
['r_cert'],['Domain_2f5731a64aca2761cff32883ae38a104c02e43a03936855888ac4dcdc6676723'],['Cert_9ace6aae20e3ac6d9ebfae8938b91112460b27ad204cf11f1301f154c5d309a4'],1,2
['r_cert'],['Domain_7a853ffeb2d37eb55dabfbe2a4e81aa6f665497e6a2c9c682a4acad23d641302'],['Cert_9ace6aae20e3ac6d9ebfae8938b91112460b27ad204cf11f1301f154c5d309a4'],1,2
['r_cert'],['Domain_b0ba5ff2370e445581d1fdbc22a21a26df636ed4de08d1112a2009f1450918a2'],['Cert_9ace6aae20e3ac6d9ebfae8938b91112460b27ad204cf11f1301f154c5d309a4'],1,2
['r_cert'],['Domain_0690b1224208aa7279554748003282933fb9594ecf3ff242c20cec4418470385'],['Cert_9ace6aae20e3ac6d9ebfae8938b91112460b27ad204cf11f1301f154c5d309a4'],1,2
['r_cert'],['Domain_9bf5d9c16e3a6652b138457ca050a15583f85c6d0560caa91f59d16d5b55e3f5'],['Cert_9ace6aae20e3ac6d9ebfae8938b91112460b27ad204cf11f1301f154c5d309a4'],1,2
['r_cert'],['Domain_0bb8faad1f714bcdd4f5be083b8dbb0d7e0bb1d26a33e48e40b1a7ede2d2b944'],['Cert_9ace6aae20e3ac6d9ebfae8938b91112460b27ad204cf11f1301f154c5d309a4'],1,2
['r_cert'],['Domain_71d2570dff9ad6ff3973b83c5d9c46ee5470144111c4764165cc772e7d011e36'],['Cert_9ace6aae20e3ac6d9ebfae8938b91112460b27ad204cf11f1301f154c5d309a4'],1,2
['r_cert'],['Domain_a4319eb2903f26acfe6cd3361fc1c5faae35b7651d667f333a4766a28978f512'],['Cert_9ace6aae20e3ac6d9ebfae8938b91112460b27ad204cf11f1301f154c5d309a4'],1,2
['r_cert'],['Domain_af0eaa3ebe6c03efceb7318a2d2177fa07864337db02a22d193d1ed97bf2ff91'],['Cert_9ace6aae20e3ac6d9ebfae8938b91112460b27ad204cf11f1301f154c5d309a4'],1,2
['r_cert'],['Domain_9141a7fb5af6bc0fa1af04fee0e336be364872cb65cee1f3d27adadb2ded319f'],['Cert_9ace6aae20e3ac6d9ebfae8938b91112460b27ad204cf11f1301f154c5d309a4'],1,2
['r_cert'],['Domain_11c83ac6f6fa6531680d6d2031371c4b75ea92489f0a96ac3a998b244f5e5097'],['Cert_9ace6aae20e3ac6d9ebfae8938b91112460b27ad204cf11f1301f154c5d309a4'],1,2
['r_cert'],['Domain_5d9908a9f8a3d292f5a1e8accc4537048243c0e315781357071d211774a40d34'],['Cert_9ace6aae20e3ac6d9ebfae8938b91112460b27ad204cf11f1301f154c5d309a4'],1,2
['r_cert'],['Domain_ce6df2710c4e0a2dae5fb5da0dbf9d5c412dbc1787452b0d61ad74b98a8f7291'],['Cert_9ace6aae20e3ac6d9ebfae8938b91112460b27ad204cf11f1301f154c5d309a4'],1,2
['r_cert'],['Domain_5f0a700b835d2cb66613c55256c1b76d0b60d0c11f7aeff265c8dde1a539bf7d'],['Cert_9ace6aae20e3ac6d9ebfae8938b91112460b27ad204cf11f1301f154c5d309a4'],1,2
['r_cert'],['Domain_79ea6eb5ddd9c27915bbc024bbb167d7f8cfd686c71eb5fd945b480e7b371dab'],['Cert_9ace6aae20e3ac6d9ebfae8938b91112460b27ad204cf11f1301f154c5d309a4'],1,2
['r_cert'],['Domain_c03e2b2e317aa858a0924d5c12350e11921f7a068d68f5bc73cf2cca726ab226'],['Cert_9ace6aae20e3ac6d9ebfae8938b91112460b27ad204cf11f1301f154c5d309a4'],1,2
['r_cert'],['Domain_c0fbbd8fba521229db56e8c590d9172ea042bcf7cb6fbdbb8bcc4ad05792decc'],['Cert_9ace6aae20e3ac6d9ebfae8938b91112460b27ad204cf11f1301f154c5d309a4'],1,2
['r_cert'],['Domain_cfdadd2c8b833c49f5af87cd376b2410057d6039377455f0852e8892b353e4e5'],['Cert_9ace6aae20e3ac6d9ebfae8938b91112460b27ad204cf11f1301f154c5d309a4'],1,2
['r_cert'],['Domain_e61dcf614e8412151a203356e2456f8eee3671b02ad57850963db8d90caf9c3a'],['Cert_9ace6aae20e3ac6d9ebfae8938b91112460b27ad204cf11f1301f154c5d309a4'],1,2
['r_cert'],['Domain_412f08821afd3f3db92a652e3b8df2a6e1150d99df96b754aadb0c1bda1d7ea0'],['Cert_9ace6aae20e3ac6d9ebfae8938b91112460b27ad204cf11f1301f154c5d309a4'],1,2
['r_cert'],['Domain_579973552fc7ce5a0ea66c88ea67aa35fcb0d2afb1ca20ff19d8508afad8ba7a'],['Cert_9ace6aae20e3ac6d9ebfae8938b91112460b27ad204cf11f1301f154c5d309a4'],1,2
['r_cert'],['Domain_6a34d81288c39600772695f3398ec6cd882b10f3bfc387ef7fb99f1a489e87cd'],['Cert_9ace6aae20e3ac6d9ebfae8938b91112460b27ad204cf11f1301f154c5d309a4'],1,2
['r_cert'],['Domain_70a9c3378af73d6f33259624691289ba0fa22efda8bd58cb69c236a87a6f6c96'],['Cert_9ace6aae20e3ac6d9ebfae8938b91112460b27ad204cf11f1301f154c5d309a4'],1,2
['r_cert'],['Domain_8e5181a042ca09786bece555e8a3be705846ecf7196d1ff3afd7e1362448d4ec'],['Cert_9ace6aae20e3ac6d9ebfae8938b91112460b27ad204cf11f1301f154c5d309a4'],1,2
['r_cert'],['Domain_f021929febb56723ed51d56edfec40667f55f8379635b0deda7f08e2f654d4e1'],['Cert_9ace6aae20e3ac6d9ebfae8938b91112460b27ad204cf11f1301f154c5d309a4'],1,2
['r_cert'],['Domain_9415b20a1c09338d8cfe45815e566db4ada64f4b93590f85e813b2c82887287a'],['Cert_9ace6aae20e3ac6d9ebfae8938b91112460b27ad204cf11f1301f154c5d309a4'],1,2
['r_cert'],['Domain_52718967cbfce467669c66aef2e802650688697f53adf77064120e1ef4747bce'],['Cert_9ace6aae20e3ac6d9ebfae8938b91112460b27ad204cf11f1301f154c5d309a4'],1,2
['r_cert'],['Domain_902ed89bc74e60bb9227ce6c71997e659072458aadc885a788e91358b62cd232'],['Cert_9ace6aae20e3ac6d9ebfae8938b91112460b27ad204cf11f1301f154c5d309a4'],1,2
['r_cert'],['Domain_16724d47ed67d9700093dbc178327b4ed1af4d05a0bf447fa5bb437da53e556a'],['Cert_9ace6aae20e3ac6d9ebfae8938b91112460b27ad204cf11f1301f154c5d309a4'],1,2
['r_subdomain'],['Domain_16724d47ed67d9700093dbc178327b4ed1af4d05a0bf447fa5bb437da53e556a'],['Domain_513cc143f598864d825b5352742c85d0e325baa5917efce7b3df69753badd443'],1,2
['r_cert'],['Domain_3a404a335193d226e67fc23c964c31fd33e6a51b92e8c3b38acd6ef55c9dcd7c'],['Cert_9ace6aae20e3ac6d9ebfae8938b91112460b27ad204cf11f1301f154c5d309a4'],1,2
['r_cert'],['Domain_b8b0d03fa76d4b145b1a69753a76c708f4f5d22255c8ec693fcfa5d4452c4780'],['Cert_9ace6aae20e3ac6d9ebfae8938b91112460b27ad204cf11f1301f154c5d309a4'],1,2
['r_cert'],['Domain_d9fade1c82581ff9ac18b968e3a68c243a563fefe82413706fd8525cd6374b07'],['Cert_9ace6aae20e3ac6d9ebfae8938b91112460b27ad204cf11f1301f154c5d309a4'],1,2
['r_cert'],['Domain_e1258454608087bfb90aebc491ba69eb9e81c1212b8bea892e0a85cd1de42a68'],['Cert_9ace6aae20e3ac6d9ebfae8938b91112460b27ad204cf11f1301f154c5d309a4'],1,2
['r_cert'],['Domain_f7a7745ca4b68d3a17217d6c4bcf0b58619409615fc3d08f73d7027553b9a4de'],['Cert_9ace6aae20e3ac6d9ebfae8938b91112460b27ad204cf11f1301f154c5d309a4'],1,2
['r_cert'],['Domain_17233fa32bb09c29dfd0e7e76ae33d419e6510ac3c94aeebc4149d406c450a49'],['Cert_9ace6aae20e3ac6d9ebfae8938b91112460b27ad204cf11f1301f154c5d309a4'],1,2
['r_cert'],['Domain_bd0c559d9681225f4b4eb5830f82541f112661b77198430088a4e0b72a0cab4c'],['Cert_9ace6aae20e3ac6d9ebfae8938b91112460b27ad204cf11f1301f154c5d309a4'],1,2
['r_cert'],['Domain_de47803013058aecb14b43e8083092468647cb033fb21a0f5c7f0329aa7d3397'],['Cert_9ace6aae20e3ac6d9ebfae8938b91112460b27ad204cf11f1301f154c5d309a4'],1,2
['r_cert'],['Domain_407eec739ab253e0a63ace938ac9e23226bef7967cc1e955c098db1c2a0c7d2b'],['Cert_9ace6aae20e3ac6d9ebfae8938b91112460b27ad204cf11f1301f154c5d309a4'],1,2
['r_cert'],['Domain_ca1457f910b630bf41b6fbd2193860796d7e58bd160cf3fff13a94fb0eff52ef'],['Cert_9ace6aae20e3ac6d9ebfae8938b91112460b27ad204cf11f1301f154c5d309a4'],1,2
['r_cert'],['Domain_503d266cbab3b24636d9ab632a7825394a1422f5db409334e55496bbcb3bc993'],['Cert_9ace6aae20e3ac6d9ebfae8938b91112460b27ad204cf11f1301f154c5d309a4'],1,2
['r_cert'],['Domain_ed5eca0681098e07e69ac7cfaabf03409e86276345aa19bf46d80f8c47a75db8'],['Cert_9ace6aae20e3ac6d9ebfae8938b91112460b27ad204cf11f1301f154c5d309a4'],1,2
['r_cert'],['Domain_a1392620303972333a7fab6230b6ae3aaaeb0afa534c96946de70a85f9e848d9'],['Cert_9ace6aae20e3ac6d9ebfae8938b91112460b27ad204cf11f1301f154c5d309a4'],1,2
['r_cert'],['Domain_0b8a92be161ba3069ce4d69d9520deeab598bdf020c6c04bd2f6aeb03ed51d29'],['Cert_9ace6aae20e3ac6d9ebfae8938b91112460b27ad204cf11f1301f154c5d309a4'],1,2
['r_cert'],['Domain_eb5351ba7af7cc3d93e11e203664cca4072d067e2152e57909a11ceb1cd78e89'],['Cert_9ace6aae20e3ac6d9ebfae8938b91112460b27ad204cf11f1301f154c5d309a4'],1,2
['r_cert'],['Domain_7ff94fe2eae23aa958a616449e46292d3e5886717fd7345f496de27223c6e70e'],['Cert_9ace6aae20e3ac6d9ebfae8938b91112460b27ad204cf11f1301f154c5d309a4'],1,2
['r_cert'],['Domain_d45bbb54e15e2a270b2536db6a27808dfcf239f7d235d45a50bb6f944d72abb2'],['Cert_9ace6aae20e3ac6d9ebfae8938b91112460b27ad204cf11f1301f154c5d309a4'],1,2
['r_cert'],['Domain_e703113d2e370845c54cebf0866954300d94a3223b3547901a5c8d5b888ced3c'],['Cert_9ace6aae20e3ac6d9ebfae8938b91112460b27ad204cf11f1301f154c5d309a4'],1,2
['r_cert'],['Domain_3d62e6f0188e2119b8fbe2c17ab20eb4dc06ad7fb6d726dac826ebf3f9588fa5'],['Cert_9ace6aae20e3ac6d9ebfae8938b91112460b27ad204cf11f1301f154c5d309a4'],1,2
['r_cert'],['Domain_54a3cc551095ac7c21e5bd21d9370b7457d86554620459c5eceba2244cef3867'],['Cert_9ace6aae20e3ac6d9ebfae8938b91112460b27ad204cf11f1301f154c5d309a4'],1,2
['r_cert'],['Domain_88b759b8cb08e89d77370aa1ef87be394ba498fdbca084a09334c9bf6e094ff4'],['Cert_9ace6aae20e3ac6d9ebfae8938b91112460b27ad204cf11f1301f154c5d309a4'],1,2
['r_cert'],['Domain_eb3e39cef35999ad7b941b15d108eb1f505fd48128efcbd56bb29a63048ba08d'],['Cert_9ace6aae20e3ac6d9ebfae8938b91112460b27ad204cf11f1301f154c5d309a4'],1,2
['r_cert'],['Domain_8188ec8efa2d02304c6f57e6cfccb6f3c97bd755be2cc02a8fa32299773999ae'],['Cert_9ace6aae20e3ac6d9ebfae8938b91112460b27ad204cf11f1301f154c5d309a4'],1,2
['r_cert'],['Domain_42ad77ef778a389914d8e749d5a8b934a7ce3c28a6e79ffbcb3fab9665cf7d28'],['Cert_9ace6aae20e3ac6d9ebfae8938b91112460b27ad204cf11f1301f154c5d309a4'],1,2
['r_cert'],['Domain_9a485b29b746d9de085a98ca01335b0c1a8ff339f636fac69084277f10028ddd'],['Cert_9ace6aae20e3ac6d9ebfae8938b91112460b27ad204cf11f1301f154c5d309a4'],1,2
['r_cert'],['Domain_4d95d911bd480be98e6942eec658172c9409b6ac7acc674f7ca6d6c6bed10505'],['Cert_9ace6aae20e3ac6d9ebfae8938b91112460b27ad204cf11f1301f154c5d309a4'],1,2
['r_cert_chain'],['Cert_9032204fc475b809ea02a4ffc7e682660892d9e9d23b7b1777d0b4f0e9a0a656'],['Cert_a91593a45b6eceaae2a0478cc243543184d325720bc3f19f91982450b6af57e2'],3,2
['r_subdomain'],['Domain_3063a0302039d8eefbfba6d41d1d123e3344661a9038f40859d0c859d22cf528'],['Domain_c0fbbd8fba521229db56e8c590d9172ea042bcf7cb6fbdbb8bcc4ad05792decc'],1,2
['r_subdomain'],['Domain_28d26091ef22a5472607d2d3d29db879fd5ee60b4d2bf5709e5c5165c56fa1c8'],['Domain_cfdadd2c8b833c49f5af87cd376b2410057d6039377455f0852e8892b353e4e5'],1,2
['r_cert_chain'],['Cert_e72592e3cf6097989d7af61181669ba7c72fe3e7059ecf79f284391665d32fe5'],['Cert_a91593a45b6eceaae2a0478cc243543184d325720bc3f19f91982450b6af57e2'],3,2
['r_cert_chain'],['Cert_c01f10c61adcaa00ba6d4b85d30ec802bae76597915d7da4f8f094714ab0c597'],['Cert_a91593a45b6eceaae2a0478cc243543184d325720bc3f19f91982450b6af57e2'],3,2
['r_cert_chain'],['Cert_6dc08ee8c7f730d7f3ca4ca77c2f57128e6c5e20f5dc505d6fb6479e1ac0b466'],['Cert_a91593a45b6eceaae2a0478cc243543184d325720bc3f19f91982450b6af57e2'],3,2
['r_cert_chain'],['Cert_1249c50ce9f372dc5a80fb6622c8cb5483b9d0d989785fc85dbfccedf4a974b1'],['Cert_a91593a45b6eceaae2a0478cc243543184d325720bc3f19f91982450b6af57e2'],3,2
['r_cert_chain'],['Cert_252e9241d9a28933f72626ef7821bf34d4b69fe810d1bfe35277ed0f8c31447c'],['Cert_a91593a45b6eceaae2a0478cc243543184d325720bc3f19f91982450b6af57e2'],3,2
['r_subdomain'],['Domain_3063a0302039d8eefbfba6d41d1d123e3344661a9038f40859d0c859d22cf528'],['Domain_94721633bb73766a6889b2528788ae82005b6db91fb4c4d867972f9322d0a06f'],1,2
['r_subdomain'],['Domain_28d26091ef22a5472607d2d3d29db879fd5ee60b4d2bf5709e5c5165c56fa1c8'],['Domain_fed213b5242d5043cee040715ae12bdd7fbb27160e2c065d6977f212f1f7039a'],1,2
['r_subdomain'],['Domain_3063a0302039d8eefbfba6d41d1d123e3344661a9038f40859d0c859d22cf528'],['Domain_46d982b52daceb296b960226456ebf11e9dde66480e4f5399286ee86cebdc690'],1,2
['r_subdomain'],['Domain_28d26091ef22a5472607d2d3d29db879fd5ee60b4d2bf5709e5c5165c56fa1c8'],['Domain_d43cb1aeac1a850cce99c95c2c3eea935f93c392809792283182cb37c287deda'],1,2
['r_subdomain'],['Domain_3063a0302039d8eefbfba6d41d1d123e3344661a9038f40859d0c859d22cf528'],['Domain_bc562580e6bd9dfbf73034adb8f441e980d258469e0f0e6b4a8b8b0ab175fb32'],1,2
['r_subdomain'],['Domain_28d26091ef22a5472607d2d3d29db879fd5ee60b4d2bf5709e5c5165c56fa1c8'],['Domain_8e1a58e7bd1e9f5a41abee477f8e421a93e20bf9fd55d6e1fff9f42842802d2a'],1,2
['r_subdomain'],['Domain_3063a0302039d8eefbfba6d41d1d123e3344661a9038f40859d0c859d22cf528'],['Domain_da5fd9b4a29fc63fd25a652e32b73852548fb6bfa400eee75eb16710846ef327'],1,2
['r_subdomain'],['Domain_28d26091ef22a5472607d2d3d29db879fd5ee60b4d2bf5709e5c5165c56fa1c8'],['Domain_7be30ff6ab5e49c26713e3b78b32dfb35b911898e21d8add8ed3d047dbc28e8c'],1,2
['r_subdomain'],['Domain_513cc143f598864d825b5352742c85d0e325baa5917efce7b3df69753badd443'],['Domain_26611b0fa39291260fe2743496d947b09ef1b16b2881380bc8b5ec694dcd8dea'],1,2
['r_subdomain'],['Domain_3063a0302039d8eefbfba6d41d1d123e3344661a9038f40859d0c859d22cf528'],['Domain_970e06f2cffb05413e5ab86dbc5e6d494b6256819dae1864e377711673508707'],1,2
['r_cert_chain'],['Cert_8f6650015ccb600c8f4087bfa9f63219e963822ea22637affb061e674ed83e73'],['Cert_a91593a45b6eceaae2a0478cc243543184d325720bc3f19f91982450b6af57e2'],3,2
['r_subdomain'],['Domain_513cc143f598864d825b5352742c85d0e325baa5917efce7b3df69753badd443'],['Domain_16724d47ed67d9700093dbc178327b4ed1af4d05a0bf447fa5bb437da53e556a'],1,2
['r_subdomain'],['Domain_28d26091ef22a5472607d2d3d29db879fd5ee60b4d2bf5709e5c5165c56fa1c8'],['Domain_5093be6eb48a481cc416db693a3c8db7d2e18743eba7d28e05976002d84f2a70'],1,2
['r_subdomain'],['Domain_513cc143f598864d825b5352742c85d0e325baa5917efce7b3df69753badd443'],['Domain_b10a2fac737e31bda27945e8b80389cf06ec1c9a9175cc3cd8de80cc8cf1624a'],1,2
['r_subdomain'],['Domain_3063a0302039d8eefbfba6d41d1d123e3344661a9038f40859d0c859d22cf528'],['Domain_285c0d51dd8003cbf67bb42cfec0037aab03934ca22fbd7a148533ca8f2d45e0'],1,2
['r_cert_chain'],['Cert_1667c5fa63f269fec10e15f924ab4e98e9b65474964cbc20f0ea1b374cac3047'],['Cert_a91593a45b6eceaae2a0478cc243543184d325720bc3f19f91982450b6af57e2'],3,2
['r_subdomain'],['Domain_28d26091ef22a5472607d2d3d29db879fd5ee60b4d2bf5709e5c5165c56fa1c8'],['Domain_a7bde40323f6c00394cee60bd81dd4bb8d681717310436aed6ac12be04be831a'],1,2
['r_subdomain'],['Domain_513cc143f598864d825b5352742c85d0e325baa5917efce7b3df69753badd443'],['Domain_ffa45d5ec91de9b9f750595f3940b3ad99d11ed05f5e9a52e48a06daa1c1b619'],1,2
['r_cert_chain'],['Cert_d6f88f661599d4bc7d99c063a4ba9f5c31f1236a3bdd57d4eb192112ecd9d6b7'],['Cert_a91593a45b6eceaae2a0478cc243543184d325720bc3f19f91982450b6af57e2'],3,2
['r_subdomain'],['Domain_3063a0302039d8eefbfba6d41d1d123e3344661a9038f40859d0c859d22cf528'],['Domain_a32e62d23d68b3c795c7f5242b861117e8fa0d7bd21b20386da164cfeda7717a'],1,2
['r_subdomain'],['Domain_28d26091ef22a5472607d2d3d29db879fd5ee60b4d2bf5709e5c5165c56fa1c8'],['Domain_ee461244fc5f24ad386c3045413f07747dafee5ecbc06dec588ec56674ebc529'],1,2
['r_subdomain'],['Domain_513cc143f598864d825b5352742c85d0e325baa5917efce7b3df69753badd443'],['Domain_8f035d5adfcd39572b5975629e6227247d28bc2d004046d6ea5bda1932da7747'],1,2
['r_cert_chain'],['Cert_65cf006c47a4c585b133b41c1460b8aa17e93e039a174b4f2f20075b67764d39'],['Cert_a91593a45b6eceaae2a0478cc243543184d325720bc3f19f91982450b6af57e2'],3,2
['r_subdomain'],['Domain_3063a0302039d8eefbfba6d41d1d123e3344661a9038f40859d0c859d22cf528'],['Domain_004beece00a70c03bf4d6811cba49238837b435f59639aed30d4791c0656ee01'],1,2
['r_subdomain'],['Domain_28d26091ef22a5472607d2d3d29db879fd5ee60b4d2bf5709e5c5165c56fa1c8'],['Domain_f142d64ad2cab98876e3a816c62e9a5bcaf5d3e4a784ed5806fb4a96c51e0b15'],1,2
['r_subdomain'],['Domain_513cc143f598864d825b5352742c85d0e325baa5917efce7b3df69753badd443'],['Domain_518a5eb40ae9bffd54d6fbbc47f3660316c606dfea88d0f80c6a592813914d34'],1,2
['r_cert_chain'],['Cert_3a96641dcd46396b0475ae6a138734076aa7788f2b29c72aa9c1f0f13fd6a26c'],['Cert_a91593a45b6eceaae2a0478cc243543184d325720bc3f19f91982450b6af57e2'],3,2
['r_subdomain'],['Domain_3063a0302039d8eefbfba6d41d1d123e3344661a9038f40859d0c859d22cf528'],['Domain_a6951f7025113ccbd45784b96b1ff2249e667d76e1f2207d89067126ff3f0c62'],1,2
['r_subdomain'],['Domain_28d26091ef22a5472607d2d3d29db879fd5ee60b4d2bf5709e5c5165c56fa1c8'],['Domain_1c210f401083941fc9b6b471bf053705750faa66bfb9d1f86fdd907d6277358f'],1,2
['r_subdomain'],['Domain_513cc143f598864d825b5352742c85d0e325baa5917efce7b3df69753badd443'],['Domain_52a44baac51263b7bfe69bd51f58c3900d44288ab82445844ad7b9cfadf68dda'],1,2
['r_cert_chain'],['Cert_faadf79ec1cc4385810e5ce32bdf74a6f0cc0b232fc25ae8ef9d9a5a3ad098b0'],['Cert_a91593a45b6eceaae2a0478cc243543184d325720bc3f19f91982450b6af57e2'],3,2
['r_subdomain'],['Domain_3063a0302039d8eefbfba6d41d1d123e3344661a9038f40859d0c859d22cf528'],['Domain_6209cac0d4c4cd6839bdfe6605586f0c87d306b649832956646ac6ff051794e2'],1,2
['r_subdomain'],['Domain_28d26091ef22a5472607d2d3d29db879fd5ee60b4d2bf5709e5c5165c56fa1c8'],['Domain_ebf340415e6f666d78a0328882ff818f0fc19425b270df0b7eb2b4b0e77c2d5e'],1,2
['r_subdomain'],['Domain_513cc143f598864d825b5352742c85d0e325baa5917efce7b3df69753badd443'],['Domain_178a1b92f1c02a66b1e2fad9a4991c2fd2f927b623a21c0083fd375f2e2c8253'],1,2
['r_cert_chain'],['Cert_dd0aaa424e86e55c4fc228f5d34b57844cded34367e097b5eea9aef697e7e7ef'],['Cert_a91593a45b6eceaae2a0478cc243543184d325720bc3f19f91982450b6af57e2'],3,2
['r_subdomain'],['Domain_3063a0302039d8eefbfba6d41d1d123e3344661a9038f40859d0c859d22cf528'],['Domain_8a49a3dc7df85d8cadf5d6868a416eac3c6c96c9fb24984bdf00ad69c3c30551'],1,2
['r_subdomain'],['Domain_28d26091ef22a5472607d2d3d29db879fd5ee60b4d2bf5709e5c5165c56fa1c8'],['Domain_223803f1f2951a75f0e632cd2dba7ae7392e11a47ee7754221644b1a559015a9'],1,2
['r_subdomain'],['Domain_513cc143f598864d825b5352742c85d0e325baa5917efce7b3df69753badd443'],['Domain_ecd11d2f3a7176ad9865c20215102b4db02953ea4e5d06af04137b0851dda7f0'],1,2
['r_cert_chain'],['Cert_8d1d80d6fdef523cbcb6fcee67c7a0252f9a6fecf7583f865969ced9950b8db2'],['Cert_a91593a45b6eceaae2a0478cc243543184d325720bc3f19f91982450b6af57e2'],3,2
['r_subdomain'],['Domain_3063a0302039d8eefbfba6d41d1d123e3344661a9038f40859d0c859d22cf528'],['Domain_a7375d25302777397445d31f2ee596700ee12a2400d56cd432b24b917e4418e9'],1,2
['r_subdomain'],['Domain_28d26091ef22a5472607d2d3d29db879fd5ee60b4d2bf5709e5c5165c56fa1c8'],['Domain_6261573f3552cd9923a863a5a00cb5b4488f203dc25e7aa94c0042b6dffe14ab'],1,2
['r_subdomain'],['Domain_513cc143f598864d825b5352742c85d0e325baa5917efce7b3df69753badd443'],['Domain_f27ce5987667e4c0ca1dbe06277f861e15bf3b409747a9ee9f7a087ef1e43a19'],1,2
['r_cert_chain'],['Cert_1e35f4861c58db1df9c12f3dee5badbdbf0cb7c1c4461e8d609208ad5a6211bf'],['Cert_a91593a45b6eceaae2a0478cc243543184d325720bc3f19f91982450b6af57e2'],3,2
['r_subdomain'],['Domain_3063a0302039d8eefbfba6d41d1d123e3344661a9038f40859d0c859d22cf528'],['Domain_92565062efcb8b5db47151687172b48eafee1944307dcd39783ef964c3c2d5bc'],1,2
['r_subdomain'],['Domain_28d26091ef22a5472607d2d3d29db879fd5ee60b4d2bf5709e5c5165c56fa1c8'],['Domain_598dab303280d59f40523071ea4040dbf458402bb7d623cbf941b879bb3071cc'],1,2
['r_subdomain'],['Domain_513cc143f598864d825b5352742c85d0e325baa5917efce7b3df69753badd443'],['Domain_6d719194e06f108fb241765b4145c30e9535a2d9e979c9432882eac7a6ef8800'],1,2
['r_cert_chain'],['Cert_2e0cbc82f92d8f9d3114517d06515fcc00033ec8a90f62631c6b773fefe9aacf'],['Cert_a91593a45b6eceaae2a0478cc243543184d325720bc3f19f91982450b6af57e2'],3,2
['r_subdomain'],['Domain_3063a0302039d8eefbfba6d41d1d123e3344661a9038f40859d0c859d22cf528'],['Domain_eb3a110ce5f8eec976a94f802a9a68d26addd98d7ecdfe4e53cbccafe754a6c2'],1,2
['r_subdomain'],['Domain_28d26091ef22a5472607d2d3d29db879fd5ee60b4d2bf5709e5c5165c56fa1c8'],['Domain_d5db42f49b15ee655e3e4f84f5d6036ab0552833d8d223c47791115d07e4cbd5'],1,2
['r_subdomain'],['Domain_513cc143f598864d825b5352742c85d0e325baa5917efce7b3df69753badd443'],['Domain_ce9be717a54a67736d1cced1aa9bd2a0bdfd1fe7f6a8c775d531a63ac953ffac'],1,2
['r_cert_chain'],['Cert_dfb89b2627abf576c8d7c96ae5a011934e9fdf2f7f0940fba8c153fadf59bc9a'],['Cert_a91593a45b6eceaae2a0478cc243543184d325720bc3f19f91982450b6af57e2'],3,2
['r_subdomain'],['Domain_3063a0302039d8eefbfba6d41d1d123e3344661a9038f40859d0c859d22cf528'],['Domain_6b5ce0bd09bf62260230abce6e3ffea20085c4a0c8b2097e7bf6b77efaf7baee'],1,2
['r_subdomain'],['Domain_28d26091ef22a5472607d2d3d29db879fd5ee60b4d2bf5709e5c5165c56fa1c8'],['Domain_b5a98144e4253331ea2b8af2cd3ae95040b7d2c20b839c5749c8a8686c28e8f3'],1,2
['r_subdomain'],['Domain_513cc143f598864d825b5352742c85d0e325baa5917efce7b3df69753badd443'],['Domain_282f0def0657cc10100d0a9d84ef99c87e50cf858240a9b9d9a83417ab9c5b3d'],1,2
['r_cert_chain'],['Cert_348b553bad7b9bf4974be2d64acd8208a1a0e8b8fdfeae2614427b61cf0675b5'],['Cert_a91593a45b6eceaae2a0478cc243543184d325720bc3f19f91982450b6af57e2'],3,2
['r_subdomain'],['Domain_3063a0302039d8eefbfba6d41d1d123e3344661a9038f40859d0c859d22cf528'],['Domain_130661c32a7ba3241b5bd33b8a369ac54c373506558abd09778e3f394760bac8'],1,2
['r_subdomain'],['Domain_28d26091ef22a5472607d2d3d29db879fd5ee60b4d2bf5709e5c5165c56fa1c8'],['Domain_bfb69c236e6c422e5d07d582990a2a0cfd8fe800e386e0794a935a7193c80fd5'],1,2
['r_cert_chain'],['Cert_6af150a912f9313785c0fa9d5014db8c71a6aa7b965410a282bbbd78cfc5bf08'],['Cert_a91593a45b6eceaae2a0478cc243543184d325720bc3f19f91982450b6af57e2'],3,2
['r_subdomain'],['Domain_513cc143f598864d825b5352742c85d0e325baa5917efce7b3df69753badd443'],['Domain_9bb1625e933b8e431f71bbbe9e965c260eb18e5d742ea3a16e59f3b8380c5df6'],1,2
['r_subdomain'],['Domain_3063a0302039d8eefbfba6d41d1d123e3344661a9038f40859d0c859d22cf528'],['Domain_3105df1415093aa39d027438b0ab5d5d4049d5ad179f198d76f9e6c8cf956265'],1,2
['r_subdomain'],['Domain_28d26091ef22a5472607d2d3d29db879fd5ee60b4d2bf5709e5c5165c56fa1c8'],['Domain_396c340b09f0a87cc3a3b89a0028336633c106ff00381e65918fa3451c76c48a'],1,2
['r_cert_chain'],['Cert_c3ecac25765ea464e56b68c3c60a019eeef81874de90edf83d408ad2a2d19fba'],['Cert_a91593a45b6eceaae2a0478cc243543184d325720bc3f19f91982450b6af57e2'],3,2
['r_subdomain'],['Domain_513cc143f598864d825b5352742c85d0e325baa5917efce7b3df69753badd443'],['Domain_b9a814be979d2f07ea76719fe3d574ae812a06e0a0636e9e70b0272ff6921a9f'],1,2
['r_subdomain'],['Domain_3063a0302039d8eefbfba6d41d1d123e3344661a9038f40859d0c859d22cf528'],['Domain_30d104415899c5b8efc1d0a34961f43ea779b448da9f02f44dbf86831dd3c3b7'],1,2
['r_subdomain'],['Domain_28d26091ef22a5472607d2d3d29db879fd5ee60b4d2bf5709e5c5165c56fa1c8'],['Domain_5d80681530e3ed92a448ad54c78aeac550eae54fb6973d5450b788becb6f85e4'],1,2
['r_cert_chain'],['Cert_cd90809d1f0e1205e22f377859389d8042bc1561e8263c5c2a5d177f061c6ad1'],['Cert_a91593a45b6eceaae2a0478cc243543184d325720bc3f19f91982450b6af57e2'],3,2
['r_subdomain'],['Domain_513cc143f598864d825b5352742c85d0e325baa5917efce7b3df69753badd443'],['Domain_e549bdcd7607b1f674a152809f60bd5689504eb1947fdd9db39f4e0130741b28'],1,2
['r_subdomain'],['Domain_3063a0302039d8eefbfba6d41d1d123e3344661a9038f40859d0c859d22cf528'],['Domain_63396e5f8c9ee8931516e0ef62bcd28e44f07bf22605aad652cc5529029b10fe'],1,2
['r_subdomain'],['Domain_28d26091ef22a5472607d2d3d29db879fd5ee60b4d2bf5709e5c5165c56fa1c8'],['Domain_a98765ed413bb74c2a035db40afed06752003aac2ffa7954953ccae65b0c20b0'],1,2
['r_cert_chain'],['Cert_38e1234ebc6e1144b69a52a1f8ae05a5f2bffd9b048690c3536b1c88ae247d90'],['Cert_a91593a45b6eceaae2a0478cc243543184d325720bc3f19f91982450b6af57e2'],3,2
['r_subdomain'],['Domain_513cc143f598864d825b5352742c85d0e325baa5917efce7b3df69753badd443'],['Domain_37bc532ace5350b6c2c5adfd90ca1fd23030cc132350df76cbea78a411afbdc2'],1,2
['r_subdomain'],['Domain_3063a0302039d8eefbfba6d41d1d123e3344661a9038f40859d0c859d22cf528'],['Domain_e442dbf341f1637a2f6e14e6c242d1735a164543c65b721c41c84bbba00cb408'],1,2
['r_subdomain'],['Domain_28d26091ef22a5472607d2d3d29db879fd5ee60b4d2bf5709e5c5165c56fa1c8'],['Domain_b1719ff86fde9e73a047547d14ce8fdb3ed2d4965a28546ebf407d61a7bcd8a8'],1,2
['r_cert_chain'],['Cert_d47949e990e789883ee5a974879667bb83c06ef39475176cee3d79c0bf92f91e'],['Cert_a91593a45b6eceaae2a0478cc243543184d325720bc3f19f91982450b6af57e2'],3,2
['r_subdomain'],['Domain_3063a0302039d8eefbfba6d41d1d123e3344661a9038f40859d0c859d22cf528'],['Domain_44117d5de7a769f7b0e8fd7c8b14db27fb7dff1ad79b0c3b799d633142b10489'],1,2
['r_subdomain'],['Domain_513cc143f598864d825b5352742c85d0e325baa5917efce7b3df69753badd443'],['Domain_e65b83a7ee712321448f3eb551c624b1a073f937ea37fb3cf242ca554f8a1f4e'],1,2
['r_subdomain'],['Domain_28d26091ef22a5472607d2d3d29db879fd5ee60b4d2bf5709e5c5165c56fa1c8'],['Domain_2ada12e13a8d6521a5f73548467a0d5ee1c84318bf34ba67b4e600716b9267f4'],1,2
['r_cert_chain'],['Cert_9bd0f627531211a4cd5d1c4b086ea842e9540299d179ca1a5fd8f2444aa5793c'],['Cert_a91593a45b6eceaae2a0478cc243543184d325720bc3f19f91982450b6af57e2'],3,2
['r_subdomain'],['Domain_513cc143f598864d825b5352742c85d0e325baa5917efce7b3df69753badd443'],['Domain_fab8fd713d9536f52d95be43115ade8fe9526ae68ffba42dfff6607e2bcb266b'],1,2
['r_subdomain'],['Domain_28d26091ef22a5472607d2d3d29db879fd5ee60b4d2bf5709e5c5165c56fa1c8'],['Domain_0623286c5160e6aed0f2b9d15cc3eb4737d87a59dd00166bcb6494806719a957'],1,2
['r_cert_chain'],['Cert_dba5617c3ebc130af6215a9c887d4e210153d9908a03873a59968790a84439b6'],['Cert_a91593a45b6eceaae2a0478cc243543184d325720bc3f19f91982450b6af57e2'],3,2
['r_subdomain'],['Domain_513cc143f598864d825b5352742c85d0e325baa5917efce7b3df69753badd443'],['Domain_65d81ba49f6ad1a2b3b050e2beeba9b5328dc35dfbb444cecc5adf7a9beadeb3'],1,2
['r_subdomain'],['Domain_28d26091ef22a5472607d2d3d29db879fd5ee60b4d2bf5709e5c5165c56fa1c8'],['Domain_dfa4d9e8c38fa7c007df3db89b8953903644cdce4163eb48733d362b8f191a66'],1,2
['r_cert_chain'],['Cert_8a0950ca551cb9728f28a9215cb59fb39820bddfff104a6c965b57f134610466'],['Cert_a91593a45b6eceaae2a0478cc243543184d325720bc3f19f91982450b6af57e2'],3,2
['r_subdomain'],['Domain_513cc143f598864d825b5352742c85d0e325baa5917efce7b3df69753badd443'],['Domain_19c7ef856e4458b741485b9fa9d106828bdb8a38b49edf13f7d18a9b5b1062ed'],1,2
['r_subdomain'],['Domain_28d26091ef22a5472607d2d3d29db879fd5ee60b4d2bf5709e5c5165c56fa1c8'],['Domain_7af353609307e00c956d41928b69ef1744351b424c2d0a496f1162b81dcf47b7'],1,2
['r_cert_chain'],['Cert_d3335342482475ddac9671cbc90d12eb5376e582cbf7e1661b2d6009d56ae8d2'],['Cert_a91593a45b6eceaae2a0478cc243543184d325720bc3f19f91982450b6af57e2'],3,2
['r_subdomain'],['Domain_513cc143f598864d825b5352742c85d0e325baa5917efce7b3df69753badd443'],['Domain_1e63ee3c9e17700c42040d3564aeb55debd39f8b65728044b329b22e3285bfb3'],1,2
['r_subdomain'],['Domain_28d26091ef22a5472607d2d3d29db879fd5ee60b4d2bf5709e5c5165c56fa1c8'],['Domain_f9c031e1c583a0aa8f2c0b151240902b70a67a75b7f6c35075e4b88d25d3c482'],1,2
['r_cert_chain'],['Cert_b599ec7b5c5a6fe45443a62952c89ba48d3e924643590e03566fd1d787298f4c'],['Cert_a91593a45b6eceaae2a0478cc243543184d325720bc3f19f91982450b6af57e2'],3,2
['r_subdomain'],['Domain_513cc143f598864d825b5352742c85d0e325baa5917efce7b3df69753badd443'],['Domain_a84889f30a18f640473489b5a968940b05e05b8313e48ec79ae3e727a58949f3'],1,2
['r_subdomain'],['Domain_28d26091ef22a5472607d2d3d29db879fd5ee60b4d2bf5709e5c5165c56fa1c8'],['Domain_3a13539d9a6ab2a7c1d110d5261c1ab3d1be96109ff53010a7613ed57f363d5a'],1,2
['r_cert_chain'],['Cert_9197b567b45dfb151d705b45593e6a723dbb112faf5cfd2c8fe912698e6a6f76'],['Cert_a91593a45b6eceaae2a0478cc243543184d325720bc3f19f91982450b6af57e2'],3,2
['r_subdomain'],['Domain_513cc143f598864d825b5352742c85d0e325baa5917efce7b3df69753badd443'],['Domain_a5c78dcc869cb5d796af6c46aafcbaffc33e299d9e57e4207d3749136ac13fe9'],1,2
['r_subdomain'],['Domain_28d26091ef22a5472607d2d3d29db879fd5ee60b4d2bf5709e5c5165c56fa1c8'],['Domain_0233cad4ccd94b616b3cf9fde1eeab0b7c369300b4a975524aa9fb06514bd04b'],1,2
['r_cert_chain'],['Cert_7ca0c8d673187b11ce8c310cfde290b3a0459a945e10d9c162b24261e8132f17'],['Cert_a91593a45b6eceaae2a0478cc243543184d325720bc3f19f91982450b6af57e2'],3,2
['r_subdomain'],['Domain_513cc143f598864d825b5352742c85d0e325baa5917efce7b3df69753badd443'],['Domain_b22bdc7b7318b7338d1cd4489fc1682f565356d2c998c697e6860fa9bc836df0'],1,2
['r_subdomain'],['Domain_28d26091ef22a5472607d2d3d29db879fd5ee60b4d2bf5709e5c5165c56fa1c8'],['Domain_a948a21e7621df6f04d811b5d916efb78dac0050b54b755ee6833f09348e5caa'],1,2
['r_cert_chain'],['Cert_bb0a2817d2852e4f8e462ca4098af862cdd4c5e6dee46526c7d5b1cea780babc'],['Cert_a91593a45b6eceaae2a0478cc243543184d325720bc3f19f91982450b6af57e2'],3,2
['r_subdomain'],['Domain_513cc143f598864d825b5352742c85d0e325baa5917efce7b3df69753badd443'],['Domain_08304d4f5f97b8ad73135657d9383208e143e01cc01014122a52dc898d6ccf51'],1,2
['r_subdomain'],['Domain_28d26091ef22a5472607d2d3d29db879fd5ee60b4d2bf5709e5c5165c56fa1c8'],['Domain_03e87395d170e4355d0af29faa461bc80c8ad04022ed46f2b5dc90fedd6e2dc5'],1,2
['r_cert_chain'],['Cert_d8b1581c1b5efbbe717a1e07b235cc67120b83117adcd307c767c9267471889e'],['Cert_a91593a45b6eceaae2a0478cc243543184d325720bc3f19f91982450b6af57e2'],3,2
['r_subdomain'],['Domain_513cc143f598864d825b5352742c85d0e325baa5917efce7b3df69753badd443'],['Domain_2760fe8f4177d15d859da6cb4a6e564b0d3a305ec1c2867e0ad2fcca712a95cd'],1,2
['r_subdomain'],['Domain_28d26091ef22a5472607d2d3d29db879fd5ee60b4d2bf5709e5c5165c56fa1c8'],['Domain_e387b24e74647bf8ce512c94d8d95b43b5fbbc37b7b5ebf70b6fa63d542af369'],1,2
['r_cert_chain'],['Cert_db6135f55017e45b92d6e4c5aef9c2d8a8bf801b31166cdf829b0f1e26c549d0'],['Cert_a91593a45b6eceaae2a0478cc243543184d325720bc3f19f91982450b6af57e2'],3,2
['r_subdomain'],['Domain_513cc143f598864d825b5352742c85d0e325baa5917efce7b3df69753badd443'],['Domain_af300082e1920785a1230efe022b00d985272929a5ca779532f81f8d17ef4f7a'],1,2
['r_cert_chain'],['Cert_66bbd18d443d4b32057a37c0291bf9c788f61a824f5da83917e49d83aef7a1bc'],['Cert_a91593a45b6eceaae2a0478cc243543184d325720bc3f19f91982450b6af57e2'],3,2
['r_subdomain'],['Domain_513cc143f598864d825b5352742c85d0e325baa5917efce7b3df69753badd443'],['Domain_0b4b4181ffe895a0e3deb4186d9e6814cadaa2fcee531187c2ec54b42e96026b'],1,2
['r_cert_chain'],['Cert_8379458f3fdfce42b054de841156bcc0caa215055d2fb69259d2eec8c18342bd'],['Cert_a91593a45b6eceaae2a0478cc243543184d325720bc3f19f91982450b6af57e2'],3,2
['r_subdomain'],['Domain_513cc143f598864d825b5352742c85d0e325baa5917efce7b3df69753badd443'],['Domain_fcb888121aded094ac0049f205b1151154a56a98924564910b0d9046274dce3f'],1,2
['r_cert_chain'],['Cert_33b08525fbbcfce8a0cb415cda6f408e0f499d5de54b080fe7b1246b4482b07f'],['Cert_a91593a45b6eceaae2a0478cc243543184d325720bc3f19f91982450b6af57e2'],3,2
['r_subdomain'],['Domain_513cc143f598864d825b5352742c85d0e325baa5917efce7b3df69753badd443'],['Domain_095f0c912772354e8452b8964bdb254e5ce382777ca7c27c6f4eb500074162cb'],1,2
['r_cert_chain'],['Cert_b67fb90792db2139d20ca4a0592aeb2697bd6482810dc00c4c833a060f1d27f6'],['Cert_a91593a45b6eceaae2a0478cc243543184d325720bc3f19f91982450b6af57e2'],3,2
['r_subdomain'],['Domain_513cc143f598864d825b5352742c85d0e325baa5917efce7b3df69753badd443'],['Domain_4b9d7fef3bb5a92593688cc0455a6eb6bbbbeecbcdbd56d0465fdc743981bb03'],1,2
['r_cert_chain'],['Cert_c369f6bb50c30f911c979d04f7283b5556ad946b6008756c3f807f271fcf393e'],['Cert_a91593a45b6eceaae2a0478cc243543184d325720bc3f19f91982450b6af57e2'],3,2
['r_subdomain'],['Domain_513cc143f598864d825b5352742c85d0e325baa5917efce7b3df69753badd443'],['Domain_0e933651b801023346bcfc08110bbd1b403ead196269d0b70e72c19ee5236e42'],1,2
['r_cert_chain'],['Cert_7884b662d8d833e91c1645b74c5c314f90d0a3122882eab7d7825b73c45fbcd6'],['Cert_a91593a45b6eceaae2a0478cc243543184d325720bc3f19f91982450b6af57e2'],3,2
['r_cert'],['Domain_513cc143f598864d825b5352742c85d0e325baa5917efce7b3df69753badd443'],['Cert_cb7bb23b77f62120467c5a76cff2831e3cc49144c13cc78dca11a5ef93796310'],1,2
['r_cert_chain'],['Cert_3230a639e6ec4118702b4a398cbc013e2339df09c95fcb37b9b9288e6c2457b3'],['Cert_a91593a45b6eceaae2a0478cc243543184d325720bc3f19f91982450b6af57e2'],3,2
['r_cert_chain'],['Cert_2224a486247053e50733b13d4644615722a532a65f9e8acf9077720e7f507a7d'],['Cert_a91593a45b6eceaae2a0478cc243543184d325720bc3f19f91982450b6af57e2'],3,2
['r_cert_chain'],['Cert_fda34098ad98dee01b446b6d6a9fdb7857cead3c4080699ef9bd195eb7b53073'],['Cert_a91593a45b6eceaae2a0478cc243543184d325720bc3f19f91982450b6af57e2'],3,2
['r_cert_chain'],['Cert_453b9a9b3b941d63849c93cf1e87f783b854fb6f5a158edd04d55a296d90f26f'],['Cert_a91593a45b6eceaae2a0478cc243543184d325720bc3f19f91982450b6af57e2'],3,2
['r_cert_chain'],['Cert_4bdac1c6271ce30f673e8df9c4bb11a11975b978f825645d34c42e0746e630b4'],['Cert_a91593a45b6eceaae2a0478cc243543184d325720bc3f19f91982450b6af57e2'],3,2
['r_cert_chain'],['Cert_b809d6b299a90f1d3dcf72cbb444fa77cde92142a435e30aef4e283dc8d0f683'],['Cert_a91593a45b6eceaae2a0478cc243543184d325720bc3f19f91982450b6af57e2'],3,2
['r_cert_chain'],['Cert_1a90fb0b727a8741ac71a0f28680a75b1271c69588d58b5c4a9bdeba5688695f'],['Cert_a91593a45b6eceaae2a0478cc243543184d325720bc3f19f91982450b6af57e2'],3,2
['r_cert_chain'],['Cert_b6e1ebd892aa898e59966620a2198f3c8ff3366b4ad8cdea0a634b40d31d051a'],['Cert_a91593a45b6eceaae2a0478cc243543184d325720bc3f19f91982450b6af57e2'],3,2
['r_cert_chain'],['Cert_557e1f5f737a2876d7b86aa11e5bec57f677358f5c168797264422af399de63d'],['Cert_a91593a45b6eceaae2a0478cc243543184d325720bc3f19f91982450b6af57e2'],3,2
['r_cert_chain'],['Cert_f03e1dfc9e9910dc50a0fca6e542d53417323c6109dc444013cb1bc26d38911c'],['Cert_a91593a45b6eceaae2a0478cc243543184d325720bc3f19f91982450b6af57e2'],3,2
['r_cert_chain'],['Cert_4a0f43d9adbc28694cfaa998304d67e70e5084f719c43664ccc539642c70d835'],['Cert_a91593a45b6eceaae2a0478cc243543184d325720bc3f19f91982450b6af57e2'],3,2
['r_cert_chain'],['Cert_c88b41350a369d6805ace08e54bb5da8d2d18ead83c040ced619968542e4ffcf'],['Cert_a91593a45b6eceaae2a0478cc243543184d325720bc3f19f91982450b6af57e2'],3,2
['r_cert_chain'],['Cert_af38675ce9b715d1130b9e19885ce44b2fb38f3f314fc6d1b76b1b4a721355d0'],['Cert_a91593a45b6eceaae2a0478cc243543184d325720bc3f19f91982450b6af57e2'],3,2
['r_cert_chain'],['Cert_f70ef2d8bcd8601dc6993aa2171e8a1984493ffc350aca412cd500324eea1ea8'],['Cert_a91593a45b6eceaae2a0478cc243543184d325720bc3f19f91982450b6af57e2'],3,2
['r_cert_chain'],['Cert_517ea254916e08764b2b7060f0f8c807d72f889d7e94537ec8777e83cb0152b9'],['Cert_a91593a45b6eceaae2a0478cc243543184d325720bc3f19f91982450b6af57e2'],3,2
['r_cert_chain'],['Cert_13512a97994aac2029d70bbf33891cf20b0df8de76ab24564713043cfbf73843'],['Cert_a91593a45b6eceaae2a0478cc243543184d325720bc3f19f91982450b6af57e2'],3,2
['r_cert_chain'],['Cert_e5dd657420e65fc159e04c2b369520df773dada71deb245226f5da5205d412c7'],['Cert_a91593a45b6eceaae2a0478cc243543184d325720bc3f19f91982450b6af57e2'],3,2
['r_cert_chain'],['Cert_f5f8e279e0a801654b5228ae7088e30ec212678ebde61de76c32fe3b402b2f2a'],['Cert_a91593a45b6eceaae2a0478cc243543184d325720bc3f19f91982450b6af57e2'],3,2
['r_cert_chain'],['Cert_fd7a6c3970aee37255ab1393656f68efe5da5715d9b9e90f708ada52964e9af4'],['Cert_a91593a45b6eceaae2a0478cc243543184d325720bc3f19f91982450b6af57e2'],3,2
['r_cert_chain'],['Cert_dbc058425ec527f1e8d4a12c03e1455ae54e0895af44758945cd2134a4e6c1d3'],['Cert_a91593a45b6eceaae2a0478cc243543184d325720bc3f19f91982450b6af57e2'],3,2
['r_cert_chain'],['Cert_5c459524e9672f902f3de52e50c4bf3ecdd947f8e4035bfced5b6be9667ddb6a'],['Cert_a91593a45b6eceaae2a0478cc243543184d325720bc3f19f91982450b6af57e2'],3,2
['r_cert_chain'],['Cert_28a3d8ebd43b1fdf8424e36a23b0f64eed0bbb3e5fda62bff09c268028391bb8'],['Cert_a91593a45b6eceaae2a0478cc243543184d325720bc3f19f91982450b6af57e2'],3,2
['r_cert_chain'],['Cert_8fcc8ebdbff045e3a4897d082cce4d9537c0c19524abdff07d51ae192a18967e'],['Cert_a91593a45b6eceaae2a0478cc243543184d325720bc3f19f91982450b6af57e2'],3,2
['r_cert_chain'],['Cert_815478899d3697e3c59825619492ddd319d91d67f7b6012fdfec93f008945f0a'],['Cert_a91593a45b6eceaae2a0478cc243543184d325720bc3f19f91982450b6af57e2'],3,2
['r_cert_chain'],['Cert_66a6e2076ae871e2833bf1e499883b025467d5a1a007bb75c212bb3ea2abae5a'],['Cert_a91593a45b6eceaae2a0478cc243543184d325720bc3f19f91982450b6af57e2'],3,2
['r_cert_chain'],['Cert_512f535912b7289494e37895beeb233933512405f24ed3439c2b451420af6737'],['Cert_a91593a45b6eceaae2a0478cc243543184d325720bc3f19f91982450b6af57e2'],3,2
['r_cert_chain'],['Cert_ec851f060c453cc41d77a43f971fea9368c07f08b5b099ef2c35447ec72ac58a'],['Cert_a91593a45b6eceaae2a0478cc243543184d325720bc3f19f91982450b6af57e2'],3,2
['r_cert_chain'],['Cert_904fb0a28eb2b2d5d2585e78d90b90666ae415c8d7b391ba24a758def49605d1'],['Cert_a91593a45b6eceaae2a0478cc243543184d325720bc3f19f91982450b6af57e2'],3,2
['r_cert_chain'],['Cert_08f16561c7811a7581ebbd6ef8afd8e8e2bfe070be32b074683f735cde6cc91b'],['Cert_a91593a45b6eceaae2a0478cc243543184d325720bc3f19f91982450b6af57e2'],3,2
['r_cert_chain'],['Cert_304e392f95e2a5277e97661e3dc4c22ee310ca54e7b476a7a8e538dc064454d4'],['Cert_a91593a45b6eceaae2a0478cc243543184d325720bc3f19f91982450b6af57e2'],3,2
['r_cert_chain'],['Cert_d69b1bd709cbaced25e093a6533ab27021822578f66aee349b02f0be4d6150f5'],['Cert_a91593a45b6eceaae2a0478cc243543184d325720bc3f19f91982450b6af57e2'],3,2
['r_cert_chain'],['Cert_945cab28c3e93e36a6af9d1f67ad4ad0fd7a595fd1b82cb4d8a61836e7261a2b'],['Cert_a91593a45b6eceaae2a0478cc243543184d325720bc3f19f91982450b6af57e2'],3,2
['r_cert_chain'],['Cert_1743be1e917aabf7897f3988243302004784b86c9595f6a0563738b45bf95cab'],['Cert_a91593a45b6eceaae2a0478cc243543184d325720bc3f19f91982450b6af57e2'],3,2
['r_cert_chain'],['Cert_cce68eabb90689c8cefbc0469d2bad56b3781cc61665e38b70fb2a4aa8e5d364'],['Cert_a91593a45b6eceaae2a0478cc243543184d325720bc3f19f91982450b6af57e2'],3,2
['r_cert_chain'],['Cert_8a0b697cba11bf9b6ae839958ea599b81ec36c93a05d797b8e48b3ca635ce2a7'],['Cert_a91593a45b6eceaae2a0478cc243543184d325720bc3f19f91982450b6af57e2'],3,2
['r_cert_chain'],['Cert_a7bf16d79af26d21784f6c07a0fadb6df3ff57cd267cc649ce77c4f8283e4f62'],['Cert_a91593a45b6eceaae2a0478cc243543184d325720bc3f19f91982450b6af57e2'],3,2
['r_cert_chain'],['Cert_ec77d91ff504d50bd8ab01cc4721fd24a9c752009fbd8cca1f5c47c1b82e4aa5'],['Cert_a91593a45b6eceaae2a0478cc243543184d325720bc3f19f91982450b6af57e2'],3,2
['r_cert_chain'],['Cert_f4532bfe87722b3198255dc82b1ac683a6ec5bc11672e8008e13c800ba8a6838'],['Cert_a91593a45b6eceaae2a0478cc243543184d325720bc3f19f91982450b6af57e2'],3,2
['r_cert_chain'],['Cert_36216752f8d4c5a9590c0db3110cc6afd2f579d861cda629052a33d89785e58d'],['Cert_a91593a45b6eceaae2a0478cc243543184d325720bc3f19f91982450b6af57e2'],3,2
['r_cert_chain'],['Cert_86dd58b3cb9cabbaa2fe946a446515ff2ecf65b4e4b9578c184e955adbc0857f'],['Cert_a91593a45b6eceaae2a0478cc243543184d325720bc3f19f91982450b6af57e2'],3,2
['r_cert_chain'],['Cert_aa9a07c89b33ce5850d3a9fa739107c81b3bba0dc13caa7b3aabd7784dafce45'],['Cert_a91593a45b6eceaae2a0478cc243543184d325720bc3f19f91982450b6af57e2'],3,2
['r_cert_chain'],['Cert_2141cf786b33ed5e4534b595fdb6d3aade08a70a0ab5c2cdb79c09d09fa394a0'],['Cert_a91593a45b6eceaae2a0478cc243543184d325720bc3f19f91982450b6af57e2'],3,2
['r_cert_chain'],['Cert_28f8df394f44c29849a20d46f1f59d3c1fc80749b07bb355eeca5c35d1a04da9'],['Cert_a91593a45b6eceaae2a0478cc243543184d325720bc3f19f91982450b6af57e2'],3,2
['r_cert_chain'],['Cert_87b211dcf8b3548e13c5280a0ebfa4e58f7a19e9c232069cad6430e5efbb2917'],['Cert_a91593a45b6eceaae2a0478cc243543184d325720bc3f19f91982450b6af57e2'],3,2
['r_cert_chain'],['Cert_7ef454f152a76681b79bfb2a2ce23167b863e5485e4b0ab25dcd4d815ad9bee8'],['Cert_a91593a45b6eceaae2a0478cc243543184d325720bc3f19f91982450b6af57e2'],3,2
['r_cert_chain'],['Cert_c4ebd544e299665a81ce4ee72a096ccb3df867ca07158c5d2339c3ecd176b597'],['Cert_a91593a45b6eceaae2a0478cc243543184d325720bc3f19f91982450b6af57e2'],3,2
['r_cert_chain'],['Cert_6683f188d2385f73c6552b5635da5138a78fba931f8c0898fd0afa4b5679ea88'],['Cert_a91593a45b6eceaae2a0478cc243543184d325720bc3f19f91982450b6af57e2'],3,2
['r_cert_chain'],['Cert_8fd0d27c51763411c1dca25bcae2c356eb07c8722344d2a38cc67eb694061907'],['Cert_a91593a45b6eceaae2a0478cc243543184d325720bc3f19f91982450b6af57e2'],3,2
['r_cert_chain'],['Cert_18f6f244a5dd4d02df9c9c302f71d061744befc68cab3e2373f0deeee16d4d19'],['Cert_a91593a45b6eceaae2a0478cc243543184d325720bc3f19f91982450b6af57e2'],3,2
['r_cert_chain'],['Cert_087a1b4c55d7441d229ad33a950f107b869332cd5c0a57553342126da59a2e5a'],['Cert_a91593a45b6eceaae2a0478cc243543184d325720bc3f19f91982450b6af57e2'],3,2
['r_cert_chain'],['Cert_76451f2532bf0fb657da78c12d753d5dbb8d3122024fd2b80a544220150c66ad'],['Cert_a91593a45b6eceaae2a0478cc243543184d325720bc3f19f91982450b6af57e2'],3,2
['r_cert_chain'],['Cert_9f1568183cb1f9503ebbc1d1a496574482efc541a7ff29be96956e734f512352'],['Cert_a91593a45b6eceaae2a0478cc243543184d325720bc3f19f91982450b6af57e2'],3,2
['r_cert_chain'],['Cert_d4c19ce9926dd3167f0b39805be490de18587a5cce4a6aa48546593028598bed'],['Cert_a91593a45b6eceaae2a0478cc243543184d325720bc3f19f91982450b6af57e2'],3,2
['r_cert_chain'],['Cert_b7995de4a4e98afa76d239a9d8770ce27a28524d508910205c49a256809e2550'],['Cert_a91593a45b6eceaae2a0478cc243543184d325720bc3f19f91982450b6af57e2'],3,2
['r_cert_chain'],['Cert_3dab4bedea7e91e2615c45ef806600c49aab0d9e5f440eef888573cb3814ac59'],['Cert_a91593a45b6eceaae2a0478cc243543184d325720bc3f19f91982450b6af57e2'],3,2
['r_cert_chain'],['Cert_188c47e8f8ea252222c6d5b6cfc9183258592734a6d62c30f450bb557b29ad71'],['Cert_a91593a45b6eceaae2a0478cc243543184d325720bc3f19f91982450b6af57e2'],3,2
['r_cert_chain'],['Cert_18eb99538719b0f41c1217b75805c2749da72493500911f985d50ba8c3f3b2fa'],['Cert_a91593a45b6eceaae2a0478cc243543184d325720bc3f19f91982450b6af57e2'],3,2
['r_cert_chain'],['Cert_a8db8b2fc535fd6fb23270b31e2c487c6e861c2a891b4e02b976cfca6fdc6cd6'],['Cert_a91593a45b6eceaae2a0478cc243543184d325720bc3f19f91982450b6af57e2'],3,2
['r_cert_chain'],['Cert_24c78b3afb9f85c5c7e64fb25376308e8fbad5e24d1962a212409fec2d9439c6'],['Cert_a91593a45b6eceaae2a0478cc243543184d325720bc3f19f91982450b6af57e2'],3,2
['r_cert_chain'],['Cert_812c6709a60a2a78349c192a6065864db148e5d53b71bb0793974a0d81654dbc'],['Cert_a91593a45b6eceaae2a0478cc243543184d325720bc3f19f91982450b6af57e2'],3,2
['r_cert_chain'],['Cert_032aea097aacf3283b074c65e8af336d16133f7d327c7bb263b98b93cfb201d2'],['Cert_a91593a45b6eceaae2a0478cc243543184d325720bc3f19f91982450b6af57e2'],3,2
['r_cert_chain'],['Cert_7832819702d25c56d485f8668296aba79cf478c6c84dacd035a2630df6e82cd6'],['Cert_a91593a45b6eceaae2a0478cc243543184d325720bc3f19f91982450b6af57e2'],3,2
['r_dns_a'],['Domain_c0fbbd8fba521229db56e8c590d9172ea042bcf7cb6fbdbb8bcc4ad05792decc'],['IP_ae89cc8214bc2c3c5188bed68edf584e2baa379790f8064542076c6fdbcafcce'],1,3
['r_dns_a'],['Domain_3063a0302039d8eefbfba6d41d1d123e3344661a9038f40859d0c859d22cf528'],['IP_ae89cc8214bc2c3c5188bed68edf584e2baa379790f8064542076c6fdbcafcce'],1,3
['r_dns_a'],['Domain_cfdadd2c8b833c49f5af87cd376b2410057d6039377455f0852e8892b353e4e5'],['IP_0e9b0503a430ef0f30ad80d6baa69b8528abe12d07ecaae3fb4e5a2cdb992edc'],1,3
['r_dns_a'],['Domain_28d26091ef22a5472607d2d3d29db879fd5ee60b4d2bf5709e5c5165c56fa1c8'],['IP_0e9b0503a430ef0f30ad80d6baa69b8528abe12d07ecaae3fb4e5a2cdb992edc'],1,3
['r_dns_a'],['Domain_16724d47ed67d9700093dbc178327b4ed1af4d05a0bf447fa5bb437da53e556a'],['IP_e6426ea3e8b5f314b823adee36812a26c60eba849f3bd64abb7a508121b3db13'],1,3
['r_dns_a'],['Domain_513cc143f598864d825b5352742c85d0e325baa5917efce7b3df69753badd443'],['IP_e6426ea3e8b5f314b823adee36812a26c60eba849f3bd64abb7a508121b3db13'],1,3
